idna_subject,checker_type,destination,source,tested_at,session_id
050003.voodoo.com,AVAILABILITY,origin.list,origin.list,2022-04-26 05:28:44.748596,981c926cbe1a08e030175490
050005.voodoo.com,AVAILABILITY,origin.list,origin.list,2022-04-26 05:28:45.079193,981c926cbe1a08e030175490
0koryu0.easter.ne.jp,AVAILABILITY,origin.list,origin.list,2022-04-26 05:28:45.146323,981c926cbe1a08e030175490
1001movies.com,AVAILABILITY,origin.list,origin.list,2022-04-26 05:28:47.293943,981c926cbe1a08e030175490
11164531-19021001.c2.adprotect.net,AVAILABILITY,origin.list,origin.list,2022-04-26 05:28:49.772356,981c926cbe1a08e030175490
11165583-40348.id2.clickprotects.com,AVAILABILITY,origin.list,origin.list,2022-04-26 05:28:52.596456,981c926cbe1a08e030175490
0.r.msn.com,AVAILABILITY,origin.list,origin.list,2022-04-26 05:28:53.809697,981c926cbe1a08e030175490
101malls.com,AVAILABILITY,origin.list,origin.list,2022-04-26 05:28:54.403508,981c926cbe1a08e030175490
11hour.com,AVAILABILITY,origin.list,origin.list,2022-04-26 05:28:57.788010,981c926cbe1a08e030175490
11zz.com,AVAILABILITY,origin.list,origin.list,2022-04-26 05:28:57.820329,981c926cbe1a08e030175490
105vibe.com,AVAILABILITY,origin.list,origin.list,2022-04-26 05:28:58.913627,981c926cbe1a08e030175490
188838.parkingcrew.net,AVAILABILITY,origin.list,origin.list,2022-04-26 05:29:00.002093,981c926cbe1a08e030175490
1xxx.cqcounter.com,AVAILABILITY,origin.list,origin.list,2022-04-26 05:29:01.840642,981c926cbe1a08e030175490
1gavcom.popunder.ru,AVAILABILITY,origin.list,origin.list,2022-04-26 05:29:01.952957,981c926cbe1a08e030175490
21750.tctm.co,AVAILABILITY,origin.list,origin.list,2022-04-26 05:29:04.798437,981c926cbe1a08e030175490
2.rubanners.com,AVAILABILITY,origin.list,origin.list,2022-04-26 05:29:05.709839,981c926cbe1a08e030175490
302br.net,AVAILABILITY,origin.list,origin.list,2022-04-26 05:29:06.097509,981c926cbe1a08e030175490
2607.cn,AVAILABILITY,origin.list,origin.list,2022-04-26 05:29:08.160657,981c926cbe1a08e030175490
123go.com,AVAILABILITY,origin.list,origin.list,2022-04-26 05:29:08.995398,981c926cbe1a08e030175490
32e1dff65ea4eb3627ed-f1ecc94c86a56d3e42e512fcfd192886.r6.cf1.rackcdn.com,AVAILABILITY,origin.list,origin.list,2022-04-26 05:29:09.851075,981c926cbe1a08e030175490
39dvd-999.com,AVAILABILITY,origin.list,origin.list,2022-04-26 05:29:11.237208,981c926cbe1a08e030175490
4.e-why.net,AVAILABILITY,origin.list,origin.list,2022-04-26 05:29:12.422472,981c926cbe1a08e030175490
404.xxxymovies.com,AVAILABILITY,origin.list,origin.list,2022-04-26 05:29:13.467873,981c926cbe1a08e030175490
4133.88.primosearch.com,AVAILABILITY,origin.list,origin.list,2022-04-26 05:29:14.082926,981c926cbe1a08e030175490
422653.parkingcrew.net,AVAILABILITY,origin.list,origin.list,2022-04-26 05:29:15.096369,981c926cbe1a08e030175490
4654.2465.primosearch.com,AVAILABILITY,origin.list,origin.list,2022-04-26 05:29:16.565529,981c926cbe1a08e030175490
5.estasiatica.com,AVAILABILITY,origin.list,origin.list,2022-04-26 05:29:17.229944,981c926cbe1a08e030175490
5.eventiduepuntozero.com,AVAILABILITY,origin.list,origin.list,2022-04-26 05:29:18.341842,981c926cbe1a08e030175490
5486.winxp.primosearch.com,AVAILABILITY,origin.list,origin.list,2022-04-26 05:29:19.663696,981c926cbe1a08e030175490
4.dlevo.com,AVAILABILITY,origin.list,origin.list,2022-04-26 05:29:20.727697,981c926cbe1a08e030175490
5490.spedads.primosearch.com,AVAILABILITY,origin.list,origin.list,2022-04-26 05:29:20.940096,981c926cbe1a08e030175490
6b8a953b2bf7788063d5-6e453f33ecbb90f11a62a5c376375af3.r71.cf5.rackcdn.com,AVAILABILITY,origin.list,origin.list,2022-04-26 05:29:22.550664,981c926cbe1a08e030175490
6266.570204.primosearch.com,AVAILABILITY,origin.list,origin.list,2022-04-26 05:29:22.608232,981c926cbe1a08e030175490
633642.parkingcrew.net,AVAILABILITY,origin.list,origin.list,2022-04-26 05:29:23.996607,981c926cbe1a08e030175490
77search.com,AVAILABILITY,origin.list,origin.list,2022-04-26 05:29:25.307742,981c926cbe1a08e030175490
7metasearch.com,AVAILABILITY,origin.list,origin.list,2022-04-26 05:29:25.760999,981c926cbe1a08e030175490
7search.com,AVAILABILITY,origin.list,origin.list,2022-04-26 05:29:26.053145,981c926cbe1a08e030175490
7softwaredreams.com,AVAILABILITY,origin.list,origin.list,2022-04-26 05:29:27.254070,981c926cbe1a08e030175490
944279.parkingcrew.net,AVAILABILITY,origin.list,origin.list,2022-04-26 05:29:28.149603,981c926cbe1a08e030175490
97b1c56132dfcdd90f93-0c5c8388c0a5897e648f883e2c86dc72.r54.cf5.rackcdn.com,AVAILABILITY,origin.list,origin.list,2022-04-26 05:29:29.862619,981c926cbe1a08e030175490
999ways.blogspot.co.uk,AVAILABILITY,origin.list,origin.list,2022-04-26 05:29:30.530295,981c926cbe1a08e030175490
a.zeroredirect1.com,AVAILABILITY,origin.list,origin.list,2022-04-26 05:29:30.656433,981c926cbe1a08e030175490
a12.x-traceur.com,AVAILABILITY,origin.list,origin.list,2022-04-26 05:29:31.162733,981c926cbe1a08e030175490
a1.x-traceur.com,AVAILABILITY,origin.list,origin.list,2022-04-26 05:29:31.167245,981c926cbe1a08e030175490
a18.x-traceur.com,AVAILABILITY,origin.list,origin.list,2022-04-26 05:29:33.671187,981c926cbe1a08e030175490
a3.x-traceur.com,AVAILABILITY,origin.list,origin.list,2022-04-26 05:29:34.961111,981c926cbe1a08e030175490
a20.x-traceur.com,AVAILABILITY,origin.list,origin.list,2022-04-26 05:29:35.368239,981c926cbe1a08e030175490
accidentadvicehelpline.co.uk,AVAILABILITY,origin.list,origin.list,2022-04-26 05:29:37.050240,981c926cbe1a08e030175490
ad-souk.com,AVAILABILITY,origin.list,origin.list,2022-04-26 05:29:38.740291,981c926cbe1a08e030175490
abacusfinance.co.uk,AVAILABILITY,origin.list,origin.list,2022-04-26 05:29:39.103219,981c926cbe1a08e030175490
acezsoftware.com,AVAILABILITY,origin.list,origin.list,2022-04-26 05:29:40.117287,981c926cbe1a08e030175490
ad.adverticum.net,AVAILABILITY,origin.list,origin.list,2022-04-26 05:29:41.042679,981c926cbe1a08e030175490
ad.infoseek.com,AVAILABILITY,origin.list,origin.list,2022-04-26 05:29:43.316495,981c926cbe1a08e030175490
ad132m.adk2.co,AVAILABILITY,origin.list,origin.list,2022-04-26 05:29:43.866089,981c926cbe1a08e030175490
adblockanalytics.com,AVAILABILITY,origin.list,origin.list,2022-04-26 05:29:47.043640,981c926cbe1a08e030175490
adamsfilms.com,AVAILABILITY,origin.list,origin.list,2022-04-26 05:29:47.543556,981c926cbe1a08e030175490
adchimp.com,AVAILABILITY,origin.list,origin.list,2022-04-26 05:29:48.161553,981c926cbe1a08e030175490
adcell.de,AVAILABILITY,origin.list,origin.list,2022-04-26 05:29:48.547813,981c926cbe1a08e030175490
additcinggames.com,AVAILABILITY,origin.list,origin.list,2022-04-26 05:29:52.709593,981c926cbe1a08e030175490
adlock.in,AVAILABILITY,origin.list,origin.list,2022-04-26 05:29:52.741406,981c926cbe1a08e030175490
ad3.linkbucks.com,AVAILABILITY,origin.list,origin.list,2022-04-26 05:29:53.067556,981c926cbe1a08e030175490
adgtracker.com,AVAILABILITY,origin.list,origin.list,2022-04-26 05:29:53.186494,981c926cbe1a08e030175490
adnetworkperformance.com,AVAILABILITY,origin.list,origin.list,2022-04-26 05:29:57.529688,981c926cbe1a08e030175490
adobe-flashplayer.com,AVAILABILITY,origin.list,origin.list,2022-04-26 05:29:57.900094,981c926cbe1a08e030175490
adclickthru.net,AVAILABILITY,origin.list,origin.list,2022-04-26 05:30:01.308548,981c926cbe1a08e030175490
adserver.adtech.de,AVAILABILITY,origin.list,origin.list,2022-04-26 05:30:02.735705,981c926cbe1a08e030175490
ads2.vortexmediagroup.com,AVAILABILITY,origin.list,origin.list,2022-04-26 05:30:03.329469,981c926cbe1a08e030175490
adserver.alt.com,AVAILABILITY,origin.list,origin.list,2022-04-26 05:30:06.049935,981c926cbe1a08e030175490
adprotect.net,AVAILABILITY,origin.list,origin.list,2022-04-26 05:30:07.339893,981c926cbe1a08e030175490
ads.lzjl.com,AVAILABILITY,origin.list,origin.list,2022-04-26 05:30:07.482943,981c926cbe1a08e030175490
adserver.online-tech.com,AVAILABILITY,origin.list,origin.list,2022-04-26 05:30:08.209197,981c926cbe1a08e030175490
adson.awempire.com,AVAILABILITY,origin.list,origin.list,2022-04-26 05:30:09.344866,981c926cbe1a08e030175490
adtegrity.com,AVAILABILITY,origin.list,origin.list,2022-04-26 05:30:11.696350,981c926cbe1a08e030175490
adv.all-free-download.com,AVAILABILITY,origin.list,origin.list,2022-04-26 05:30:13.618449,981c926cbe1a08e030175490
adtiger.de,AVAILABILITY,origin.list,origin.list,2022-04-26 05:30:14.039477,981c926cbe1a08e030175490
advancedcleaner.com,AVAILABILITY,origin.list,origin.list,2022-04-26 05:30:14.374403,981c926cbe1a08e030175490
advancedmactools.com,AVAILABILITY,origin.list,origin.list,2022-04-26 05:30:16.536006,981c926cbe1a08e030175490
adwcleaner.telecharger.toggle.com,AVAILABILITY,origin.list,origin.list,2022-04-26 05:30:18.774565,981c926cbe1a08e030175490
adwcleaner.programmesetjeux.com,AVAILABILITY,origin.list,origin.list,2022-04-26 05:30:19.163248,981c926cbe1a08e030175490
aff.ringtonepartner.com,AVAILABILITY,origin.list,origin.list,2022-04-26 05:30:20.079011,981c926cbe1a08e030175490
adsrv.iol.co.za,AVAILABILITY,origin.list,origin.list,2022-04-26 05:30:20.127593,981c926cbe1a08e030175490
aff12.com,AVAILABILITY,origin.list,origin.list,2022-04-26 05:30:21.430194,981c926cbe1a08e030175490
affiliate.dtiserv.com,AVAILABILITY,origin.list,origin.list,2022-04-26 05:30:24.676368,981c926cbe1a08e030175490
affiliate.friendlyduck.com,AVAILABILITY,origin.list,origin.list,2022-04-26 05:30:25.229599,981c926cbe1a08e030175490
affiliate.gwmtracker.com,AVAILABILITY,origin.list,origin.list,2022-04-26 05:30:25.660354,981c926cbe1a08e030175490
affiliate.trk4.com,AVAILABILITY,origin.list,origin.list,2022-04-26 05:30:26.294748,981c926cbe1a08e030175490
affiliates.streamray.com,AVAILABILITY,origin.list,origin.list,2022-04-26 05:30:28.534142,981c926cbe1a08e030175490
affntwklnk.com,AVAILABILITY,origin.list,origin.list,2022-04-26 05:30:29.535060,981c926cbe1a08e030175490
afftrack.com,AVAILABILITY,origin.list,origin.list,2022-04-26 05:30:32.411229,981c926cbe1a08e030175490
aimes.com,AVAILABILITY,origin.list,origin.list,2022-04-26 05:30:33.054536,981c926cbe1a08e030175490
agstracker.com,AVAILABILITY,origin.list,origin.list,2022-04-26 05:30:33.212067,981c926cbe1a08e030175490
aitligold.tripod.com,AVAILABILITY,origin.list,origin.list,2022-04-26 05:30:34.987653,981c926cbe1a08e030175490
ak.imgfarm.com,AVAILABILITY,origin.list,origin.list,2022-04-26 05:30:35.708971,981c926cbe1a08e030175490
alibabaslots.com,AVAILABILITY,origin.list,origin.list,2022-04-26 05:30:38.471265,981c926cbe1a08e030175490
akirkpatrick.com,AVAILABILITY,origin.list,origin.list,2022-04-26 05:30:38.715593,981c926cbe1a08e030175490
all-internet-security.com,AVAILABILITY,origin.list,origin.list,2022-04-26 05:30:39.075976,981c926cbe1a08e030175490
albiondrugs.com,AVAILABILITY,origin.list,origin.list,2022-04-26 05:30:39.477872,981c926cbe1a08e030175490
allfet.info,AVAILABILITY,origin.list,origin.list,2022-04-26 05:30:40.645289,981c926cbe1a08e030175490
analytics.supplyframe.com,AVAILABILITY,origin.list,origin.list,2022-04-26 05:30:42.319636,981c926cbe1a08e030175490
american-prize-center.com,AVAILABILITY,origin.list,origin.list,2022-04-26 05:30:44.493891,981c926cbe1a08e030175490
anapixel.elmundo.es,AVAILABILITY,origin.list,origin.list,2022-04-26 05:30:46.084848,981c926cbe1a08e030175490
anapixel.marca.com,AVAILABILITY,origin.list,origin.list,2022-04-26 05:30:46.088866,981c926cbe1a08e030175490
amare.softwaregarden.com,AVAILABILITY,origin.list,origin.list,2022-04-26 05:30:46.332955,981c926cbe1a08e030175490
anelkathe.tripod.com,AVAILABILITY,origin.list,origin.list,2022-04-26 05:30:50.784151,981c926cbe1a08e030175490
andr.net,AVAILABILITY,origin.list,origin.list,2022-04-26 05:30:50.797823,981c926cbe1a08e030175490
angelinajoliepics.com,AVAILABILITY,origin.list,origin.list,2022-04-26 05:30:51.448271,981c926cbe1a08e030175490
angelsinuniform.com,AVAILABILITY,origin.list,origin.list,2022-04-26 05:30:52.349149,981c926cbe1a08e030175490
animal36.com,AVAILABILITY,origin.list,origin.list,2022-04-26 05:30:57.772647,981c926cbe1a08e030175490
anglewinks.com,AVAILABILITY,origin.list,origin.list,2022-04-26 05:30:58.926769,981c926cbe1a08e030175490
anews.co.uk,AVAILABILITY,origin.list,origin.list,2022-04-26 05:31:01.134226,981c926cbe1a08e030175490
animaltoplist.com,AVAILABILITY,origin.list,origin.list,2022-04-26 05:31:01.718565,981c926cbe1a08e030175490
animalrank.com,AVAILABILITY,origin.list,origin.list,2022-04-26 05:31:03.006352,981c926cbe1a08e030175490
anmira.info,AVAILABILITY,origin.list,origin.list,2022-04-26 05:31:04.138157,981c926cbe1a08e030175490
anrysys.popunder.ru,AVAILABILITY,origin.list,origin.list,2022-04-26 05:31:05.609413,981c926cbe1a08e030175490
ant.com,AVAILABILITY,origin.list,origin.list,2022-04-26 05:31:08.999903,981c926cbe1a08e030175490
anticlown.com,AVAILABILITY,origin.list,origin.list,2022-04-26 05:31:09.334581,981c926cbe1a08e030175490
antispyware.onlinedownloads.org,AVAILABILITY,origin.list,origin.list,2022-04-26 05:31:12.316040,981c926cbe1a08e030175490
anycracks.com,AVAILABILITY,origin.list,origin.list,2022-04-26 05:31:12.597448,981c926cbe1a08e030175490
anzanish.tripod.com,AVAILABILITY,origin.list,origin.list,2022-04-26 05:31:15.509717,981c926cbe1a08e030175490
api.conduit.com,AVAILABILITY,origin.list,origin.list,2022-04-26 05:31:15.831363,981c926cbe1a08e030175490
antalya.ru,AVAILABILITY,origin.list,origin.list,2022-04-26 05:31:17.976934,981c926cbe1a08e030175490
app.pho8.com,AVAILABILITY,origin.list,origin.list,2022-04-26 05:31:18.478491,981c926cbe1a08e030175490
apps.nastydollars.com,AVAILABILITY,origin.list,origin.list,2022-04-26 05:31:21.373933,981c926cbe1a08e030175490
arcadefree.com,AVAILABILITY,origin.list,origin.list,2022-04-26 05:31:24.751595,981c926cbe1a08e030175490
areasnap.com,AVAILABILITY,origin.list,origin.list,2022-04-26 05:31:27.587203,981c926cbe1a08e030175490
arkinsoftware.in,AVAILABILITY,origin.list,origin.list,2022-04-26 05:31:29.279938,981c926cbe1a08e030175490
applets.sulekha.com,AVAILABILITY,origin.list,origin.list,2022-04-26 05:31:30.422731,981c926cbe1a08e030175490
aproxtrack2.com,AVAILABILITY,origin.list,origin.list,2022-04-26 05:31:31.232266,981c926cbe1a08e030175490
apps.clickcash.com,AVAILABILITY,origin.list,origin.list,2022-04-26 05:31:31.982579,981c926cbe1a08e030175490
artcomix.com,AVAILABILITY,origin.list,origin.list,2022-04-26 05:31:34.437257,981c926cbe1a08e030175490
ascentive.com,AVAILABILITY,origin.list,origin.list,2022-04-26 05:31:35.365867,981c926cbe1a08e030175490
assets.ipcdigital.co.uk,AVAILABILITY,origin.list,origin.list,2022-04-26 05:31:35.509345,981c926cbe1a08e030175490
atinna.com,AVAILABILITY,origin.list,origin.list,2022-04-26 05:31:37.341182,981c926cbe1a08e030175490
atmovs.com,AVAILABILITY,origin.list,origin.list,2022-04-26 05:31:41.447422,981c926cbe1a08e030175490
atl.xmlsearch.miva.com,AVAILABILITY,origin.list,origin.list,2022-04-26 05:31:41.592198,981c926cbe1a08e030175490
auctiondirectory.org,AVAILABILITY,origin.list,origin.list,2022-04-26 05:31:46.088348,981c926cbe1a08e030175490
audia6.com,AVAILABILITY,origin.list,origin.list,2022-04-26 05:31:46.879546,981c926cbe1a08e030175490
auto-overview.com,AVAILABILITY,origin.list,origin.list,2022-04-26 05:31:47.512634,981c926cbe1a08e030175490
asu.msmu.ru,AVAILABILITY,origin.list,origin.list,2022-04-26 05:31:48.329414,981c926cbe1a08e030175490
automoneygenerator.com,AVAILABILITY,origin.list,origin.list,2022-04-26 05:31:52.263195,981c926cbe1a08e030175490
avis.cm,AVAILABILITY,origin.list,origin.list,2022-04-26 05:31:54.362492,981c926cbe1a08e030175490
autonations.com,AVAILABILITY,origin.list,origin.list,2022-04-26 05:31:54.933961,981c926cbe1a08e030175490
avrakougioumtzi.gr,AVAILABILITY,origin.list,origin.list,2022-04-26 05:31:55.900203,981c926cbe1a08e030175490
avskype.com,AVAILABILITY,origin.list,origin.list,2022-04-26 05:31:57.512331,981c926cbe1a08e030175490
b.zeroredirect1.com,AVAILABILITY,origin.list,origin.list,2022-04-26 05:32:02.053587,981c926cbe1a08e030175490
b.nevadaprivateoffice.com,AVAILABILITY,origin.list,origin.list,2022-04-26 05:32:03.055056,981c926cbe1a08e030175490
balakin.popunder.ru,AVAILABILITY,origin.list,origin.list,2022-04-26 05:32:03.290817,981c926cbe1a08e030175490
balook.com,AVAILABILITY,origin.list,origin.list,2022-04-26 05:32:05.026084,981c926cbe1a08e030175490
banex.bikers-engine.com,AVAILABILITY,origin.list,origin.list,2022-04-26 05:32:08.422168,981c926cbe1a08e030175490
bananarepubic.com,AVAILABILITY,origin.list,origin.list,2022-04-26 05:32:08.883228,981c926cbe1a08e030175490
bannanarepublic.com,AVAILABILITY,origin.list,origin.list,2022-04-26 05:32:09.812315,981c926cbe1a08e030175490
banner.casinotropez.com,AVAILABILITY,origin.list,origin.list,2022-04-26 05:32:13.608329,981c926cbe1a08e030175490
banner.clubdicecasino.com,AVAILABILITY,origin.list,origin.list,2022-04-26 05:32:14.057423,981c926cbe1a08e030175490
banner.europacasino.com,AVAILABILITY,origin.list,origin.list,2022-04-26 05:32:14.670510,981c926cbe1a08e030175490
banners.direction-x.com,AVAILABILITY,origin.list,origin.list,2022-04-26 05:32:18.705758,981c926cbe1a08e030175490
banner.scasino.com,AVAILABILITY,origin.list,origin.list,2022-04-26 05:32:19.908132,981c926cbe1a08e030175490
banner.ambercoastcasino.com,AVAILABILITY,origin.list,origin.list,2022-04-26 05:32:20.314717,981c926cbe1a08e030175490
bannerpromotion.it,AVAILABILITY,origin.list,origin.list,2022-04-26 05:32:21.455601,981c926cbe1a08e030175490
banners.outpersonals.com,AVAILABILITY,origin.list,origin.list,2022-04-26 05:32:24.429819,981c926cbe1a08e030175490
banners.getiton.com,AVAILABILITY,origin.list,origin.list,2022-04-26 05:32:24.459985,981c926cbe1a08e030175490
banners.toteme.com,AVAILABILITY,origin.list,origin.list,2022-04-26 05:32:31.297337,981c926cbe1a08e030175490
atousoft.com,AVAILABILITY,origin.list,origin.list,2022-04-26 05:32:33.906295,981c926cbe1a08e030175490
banners.videosz.com,AVAILABILITY,origin.list,origin.list,2022-04-26 05:32:35.432925,981c926cbe1a08e030175490
banners.perfectgonzo.com,AVAILABILITY,origin.list,origin.list,2022-04-26 05:32:36.714796,981c926cbe1a08e030175490
banners.sublimedirectory.com,AVAILABILITY,origin.list,origin.list,2022-04-26 05:32:37.070507,981c926cbe1a08e030175490
banners.virtuagirlhd.com,AVAILABILITY,origin.list,origin.list,2022-04-26 05:32:38.265202,981c926cbe1a08e030175490
banners.truecash.com,AVAILABILITY,origin.list,origin.list,2022-04-26 05:32:40.525976,981c926cbe1a08e030175490
banners.webcams.com,AVAILABILITY,origin.list,origin.list,2022-04-26 05:32:43.268168,981c926cbe1a08e030175490
barafranca.iwarp.com,AVAILABILITY,origin.list,origin.list,2022-04-26 05:32:43.448792,981c926cbe1a08e030175490
basterr.popunder.ru,AVAILABILITY,origin.list,origin.list,2022-04-26 05:32:47.438725,981c926cbe1a08e030175490
bbnaut.ibillboard.com,AVAILABILITY,origin.list,origin.list,2022-04-26 05:32:49.683927,981c926cbe1a08e030175490
bannershotlink.perfectgonzo.com,AVAILABILITY,origin.list,origin.list,2022-04-26 05:32:52.241825,981c926cbe1a08e030175490
bbn.img.com.ua,AVAILABILITY,origin.list,origin.list,2022-04-26 05:32:52.469649,981c926cbe1a08e030175490
bans.bride.ru,AVAILABILITY,origin.list,origin.list,2022-04-26 05:32:53.999358,981c926cbe1a08e030175490
be-funk.com,AVAILABILITY,origin.list,origin.list,2022-04-26 05:32:57.346719,981c926cbe1a08e030175490
bdsmcompany.com,AVAILABILITY,origin.list,origin.list,2022-04-26 05:32:57.548630,981c926cbe1a08e030175490
beespace.com.ua,AVAILABILITY,origin.list,origin.list,2022-04-26 05:32:59.655871,981c926cbe1a08e030175490
bestadbid.com,AVAILABILITY,origin.list,origin.list,2022-04-26 05:33:02.938211,981c926cbe1a08e030175490
bde3d.com,AVAILABILITY,origin.list,origin.list,2022-04-26 05:33:03.589316,981c926cbe1a08e030175490
besstbuy.com,AVAILABILITY,origin.list,origin.list,2022-04-26 05:33:03.964719,981c926cbe1a08e030175490
bestappinstalls.com,AVAILABILITY,origin.list,origin.list,2022-04-26 05:33:06.101792,981c926cbe1a08e030175490
bestwm.info,AVAILABILITY,origin.list,origin.list,2022-04-26 05:33:07.678863,981c926cbe1a08e030175490
beldiplomcom.75.com1.ru,AVAILABILITY,origin.list,origin.list,2022-04-26 05:33:08.978381,981c926cbe1a08e030175490
bestserials.com,AVAILABILITY,origin.list,origin.list,2022-04-26 05:33:09.639226,981c926cbe1a08e030175490
bigpenisguide.com,AVAILABILITY,origin.list,origin.list,2022-04-26 05:33:14.590824,981c926cbe1a08e030175490
bighop.com,AVAILABILITY,origin.list,origin.list,2022-04-26 05:33:15.754840,981c926cbe1a08e030175490
bilbob.com,AVAILABILITY,origin.list,origin.list,2022-04-26 05:33:16.680465,981c926cbe1a08e030175490
bestsearch.com,AVAILABILITY,origin.list,origin.list,2022-04-26 05:33:18.485485,981c926cbe1a08e030175490
binadroid.com,AVAILABILITY,origin.list,origin.list,2022-04-26 05:33:20.152297,981c926cbe1a08e030175490
bigmart.com.np,AVAILABILITY,origin.list,origin.list,2022-04-26 05:33:22.114075,981c926cbe1a08e030175490
bizbor.popunder.ru,AVAILABILITY,origin.list,origin.list,2022-04-26 05:33:22.859805,981c926cbe1a08e030175490
bizneed.com,AVAILABILITY,origin.list,origin.list,2022-04-26 05:33:23.164361,981c926cbe1a08e030175490
bj04.com,AVAILABILITY,origin.list,origin.list,2022-04-26 05:33:26.811908,981c926cbe1a08e030175490
blog-hits.com,AVAILABILITY,origin.list,origin.list,2022-04-26 05:33:26.950012,981c926cbe1a08e030175490
blackchek.popunder.ru,AVAILABILITY,origin.list,origin.list,2022-04-26 05:33:27.266158,981c926cbe1a08e030175490
bluemountain1.com,AVAILABILITY,origin.list,origin.list,2022-04-26 05:33:29.743595,981c926cbe1a08e030175490
boa-0918-verify-login-2014.icrb.cl,AVAILABILITY,origin.list,origin.list,2022-04-26 05:33:30.970356,981c926cbe1a08e030175490
boattraider.com,AVAILABILITY,origin.list,origin.list,2022-04-26 05:33:34.594964,981c926cbe1a08e030175490
bonzybuddy.com,AVAILABILITY,origin.list,origin.list,2022-04-26 05:33:35.151795,981c926cbe1a08e030175490
boostsoftware.com,AVAILABILITY,origin.list,origin.list,2022-04-26 05:33:36.388956,981c926cbe1a08e030175490
bn.profiwin.de,AVAILABILITY,origin.list,origin.list,2022-04-26 05:33:37.544253,981c926cbe1a08e030175490
blogrankers.com,AVAILABILITY,origin.list,origin.list,2022-04-26 05:33:37.714383,981c926cbe1a08e030175490
bormis.com,AVAILABILITY,origin.list,origin.list,2022-04-26 05:33:39.725183,981c926cbe1a08e030175490
bracalemusic.com,AVAILABILITY,origin.list,origin.list,2022-04-26 05:33:42.513842,981c926cbe1a08e030175490
brainfox.com,AVAILABILITY,origin.list,origin.list,2022-04-26 05:33:44.140539,981c926cbe1a08e030175490
brevardmusic.com,AVAILABILITY,origin.list,origin.list,2022-04-26 05:33:45.025495,981c926cbe1a08e030175490
brans.pl,AVAILABILITY,origin.list,origin.list,2022-04-26 05:33:45.236561,981c926cbe1a08e030175490
bride1.com,AVAILABILITY,origin.list,origin.list,2022-04-26 05:33:48.086241,981c926cbe1a08e030175490
buffalogoesout.com,AVAILABILITY,origin.list,origin.list,2022-04-26 05:33:49.094178,981c926cbe1a08e030175490
br.naked.com,AVAILABILITY,origin.list,origin.list,2022-04-26 05:33:50.050744,981c926cbe1a08e030175490
briebailey.tripod.com,AVAILABILITY,origin.list,origin.list,2022-04-26 05:33:50.234794,981c926cbe1a08e030175490
browseraccelerator.com,AVAILABILITY,origin.list,origin.list,2022-04-26 05:33:50.776576,981c926cbe1a08e030175490
bypasser.net,AVAILABILITY,origin.list,origin.list,2022-04-26 05:33:54.462812,981c926cbe1a08e030175490
bugera.popunder.ru,AVAILABILITY,origin.list,origin.list,2022-04-26 05:33:54.489435,981c926cbe1a08e030175490
bulgariabg.com,AVAILABILITY,origin.list,origin.list,2022-04-26 05:33:57.350353,981c926cbe1a08e030175490
buyingedge.com,AVAILABILITY,origin.list,origin.list,2022-04-26 05:33:57.638700,981c926cbe1a08e030175490
c.adclickthru.net,AVAILABILITY,origin.list,origin.list,2022-04-26 05:34:01.150341,981c926cbe1a08e030175490
c.cfjump.com,AVAILABILITY,origin.list,origin.list,2022-04-26 05:34:02.180987,981c926cbe1a08e030175490
c.cliop.com,AVAILABILITY,origin.list,origin.list,2022-04-26 05:34:03.526162,981c926cbe1a08e030175490
c.us1.dyntrk.com,AVAILABILITY,origin.list,origin.list,2022-04-26 05:34:03.600166,981c926cbe1a08e030175490
bureau.co.il,AVAILABILITY,origin.list,origin.list,2022-04-26 05:34:07.928926,981c926cbe1a08e030175490
c.zeroredirect1.com,AVAILABILITY,origin.list,origin.list,2022-04-26 05:34:08.809355,981c926cbe1a08e030175490
c2.clickprotects.com,AVAILABILITY,origin.list,origin.list,2022-04-26 05:34:09.807829,981c926cbe1a08e030175490
cabeles.com,AVAILABILITY,origin.list,origin.list,2022-04-26 05:34:11.690013,981c926cbe1a08e030175490
californiastateparks.com,AVAILABILITY,origin.list,origin.list,2022-04-26 05:34:16.525981,981c926cbe1a08e030175490
cachebanners.toteme.com,AVAILABILITY,origin.list,origin.list,2022-04-26 05:34:16.891740,981c926cbe1a08e030175490
calworthingtonford.com,AVAILABILITY,origin.list,origin.list,2022-04-26 05:34:17.564314,981c926cbe1a08e030175490
cadillacescalade.com,AVAILABILITY,origin.list,origin.list,2022-04-26 05:34:18.353661,981c926cbe1a08e030175490
c4.mysearch.com,AVAILABILITY,origin.list,origin.list,2022-04-26 05:34:21.757384,981c926cbe1a08e030175490
candidography.com,AVAILABILITY,origin.list,origin.list,2022-04-26 05:34:22.588236,981c926cbe1a08e030175490
carpediem.sv2.biz,AVAILABILITY,origin.list,origin.list,2022-04-26 05:34:24.896431,981c926cbe1a08e030175490
caue971.org,AVAILABILITY,origin.list,origin.list,2022-04-26 05:34:25.920091,981c926cbe1a08e030175490
cbanners.virtuagirlhd.com,AVAILABILITY,origin.list,origin.list,2022-04-26 05:34:26.719271,981c926cbe1a08e030175490
cbtopsites.com,AVAILABILITY,origin.list,origin.list,2022-04-26 05:34:28.178770,981c926cbe1a08e030175490
ccbilleu.com,AVAILABILITY,origin.list,origin.list,2022-04-26 05:34:30.535027,981c926cbe1a08e030175490
cdiabetes.com,AVAILABILITY,origin.list,origin.list,2022-04-26 05:34:31.322230,981c926cbe1a08e030175490
campaigns.f2.com.au,AVAILABILITY,origin.list,origin.list,2022-04-26 05:34:31.543504,981c926cbe1a08e030175490
cdn.adtrace.org,AVAILABILITY,origin.list,origin.list,2022-04-26 05:34:31.904629,981c926cbe1a08e030175490
cdn.ndparking.com,AVAILABILITY,origin.list,origin.list,2022-04-26 05:34:33.315163,981c926cbe1a08e030175490
centertrk.com,AVAILABILITY,origin.list,origin.list,2022-04-26 05:34:36.513278,981c926cbe1a08e030175490
centerfind.com,AVAILABILITY,origin.list,origin.list,2022-04-26 05:34:38.280224,981c926cbe1a08e030175490
certified-toolbar.com,AVAILABILITY,origin.list,origin.list,2022-04-26 05:34:39.128801,981c926cbe1a08e030175490
cdn1.clkoffers.com,AVAILABILITY,origin.list,origin.list,2022-04-26 05:34:39.265747,981c926cbe1a08e030175490
centralwestwater.com.au,AVAILABILITY,origin.list,origin.list,2022-04-26 05:34:40.631541,981c926cbe1a08e030175490
ceskarepublika.net,AVAILABILITY,origin.list,origin.list,2022-04-26 05:34:43.519699,981c926cbe1a08e030175490
cgi-view-item-co-uk.xf.cz,AVAILABILITY,origin.list,origin.list,2022-04-26 05:34:45.132869,981c926cbe1a08e030175490
chilyregistrycleaner.com,AVAILABILITY,origin.list,origin.list,2022-04-26 05:34:47.359074,981c926cbe1a08e030175490
chlcotrk.com,AVAILABILITY,origin.list,origin.list,2022-04-26 05:34:48.780942,981c926cbe1a08e030175490
chokertraffic.com,AVAILABILITY,origin.list,origin.list,2022-04-26 05:34:50.775912,981c926cbe1a08e030175490
claitors.com,AVAILABILITY,origin.list,origin.list,2022-04-26 05:34:51.716483,981c926cbe1a08e030175490
chuckfaganco.com,AVAILABILITY,origin.list,origin.list,2022-04-26 05:34:54.524186,981c926cbe1a08e030175490
chaseonline.com,AVAILABILITY,origin.list,origin.list,2022-04-26 05:34:54.631972,981c926cbe1a08e030175490
chat.effectivebrand.com,AVAILABILITY,origin.list,origin.list,2022-04-26 05:34:54.906697,981c926cbe1a08e030175490
clean-cracks.com,AVAILABILITY,origin.list,origin.list,2022-04-26 05:34:56.921646,981c926cbe1a08e030175490
cle.kr,AVAILABILITY,origin.list,origin.list,2022-04-26 05:34:58.459288,981c926cbe1a08e030175490
cleanallspyware.com,AVAILABILITY,origin.list,origin.list,2022-04-26 05:34:59.398500,981c926cbe1a08e030175490
clean-search.com,AVAILABILITY,origin.list,origin.list,2022-04-26 05:34:59.861507,981c926cbe1a08e030175490
clean-space.com,AVAILABILITY,origin.list,origin.list,2022-04-26 05:35:00.098098,981c926cbe1a08e030175490
cleanallvirus.com,AVAILABILITY,origin.list,origin.list,2022-04-26 05:35:01.265060,981c926cbe1a08e030175490
cleanersoft.com,AVAILABILITY,origin.list,origin.list,2022-04-26 05:35:03.611062,981c926cbe1a08e030175490
cleanproxy.com,AVAILABILITY,origin.list,origin.list,2022-04-26 05:35:05.902470,981c926cbe1a08e030175490
cleanpcnow.com,AVAILABILITY,origin.list,origin.list,2022-04-26 05:35:07.201694,981c926cbe1a08e030175490
cleanmypc.com,AVAILABILITY,origin.list,origin.list,2022-04-26 05:35:08.888232,981c926cbe1a08e030175490
cleansite.us,AVAILABILITY,origin.list,origin.list,2022-04-26 05:35:09.558364,981c926cbe1a08e030175490
cleansearch.net,AVAILABILITY,origin.list,origin.list,2022-04-26 05:35:09.843031,981c926cbe1a08e030175490
cleanuninstall.com,AVAILABILITY,origin.list,origin.list,2022-04-26 05:35:13.686405,981c926cbe1a08e030175490
click.dealshark.com,AVAILABILITY,origin.list,origin.list,2022-04-26 05:35:14.728452,981c926cbe1a08e030175490
click.clktraker.com,AVAILABILITY,origin.list,origin.list,2022-04-26 05:35:14.958887,981c926cbe1a08e030175490
click.adimmix.com,AVAILABILITY,origin.list,origin.list,2022-04-26 05:35:16.754050,981c926cbe1a08e030175490
click.khingtracking.com,AVAILABILITY,origin.list,origin.list,2022-04-26 05:35:18.887856,981c926cbe1a08e030175490
cleansofts.com,AVAILABILITY,origin.list,origin.list,2022-04-26 05:35:20.723557,981c926cbe1a08e030175490
click.kidslivesafe.com,AVAILABILITY,origin.list,origin.list,2022-04-26 05:35:21.340899,981c926cbe1a08e030175490
click.sellmeyourtraffic.com,AVAILABILITY,origin.list,origin.list,2022-04-26 05:35:22.074608,981c926cbe1a08e030175490
click.uamtrk.com,AVAILABILITY,origin.list,origin.list,2022-04-26 05:35:24.813237,981c926cbe1a08e030175490
click.watchjmp.com,AVAILABILITY,origin.list,origin.list,2022-04-26 05:35:25.710284,981c926cbe1a08e030175490
click.silvercash.com,AVAILABILITY,origin.list,origin.list,2022-04-26 05:35:25.887280,981c926cbe1a08e030175490
clickadu.com,AVAILABILITY,origin.list,origin.list,2022-04-26 05:35:28.196258,981c926cbe1a08e030175490
clicks.totemcash.com,AVAILABILITY,origin.list,origin.list,2022-04-26 05:35:30.362059,981c926cbe1a08e030175490
client.browseraccelerator.com,AVAILABILITY,origin.list,origin.list,2022-04-26 05:35:30.921067,981c926cbe1a08e030175490
clicksagent.com,AVAILABILITY,origin.list,origin.list,2022-04-26 05:35:30.990232,981c926cbe1a08e030175490
clik2008.popunder.ru,AVAILABILITY,origin.list,origin.list,2022-04-26 05:35:32.345903,981c926cbe1a08e030175490
clickthruserver.com,AVAILABILITY,origin.list,origin.list,2022-04-26 05:35:32.482140,981c926cbe1a08e030175490
cliop.com,AVAILABILITY,origin.list,origin.list,2022-04-26 05:35:34.035130,981c926cbe1a08e030175490
clkfeed.com,AVAILABILITY,origin.list,origin.list,2022-04-26 05:35:34.565253,981c926cbe1a08e030175490
clkoffers.com,AVAILABILITY,origin.list,origin.list,2022-04-26 05:35:35.794055,981c926cbe1a08e030175490
cloudtracked.com,AVAILABILITY,origin.list,origin.list,2022-04-26 05:35:38.202547,981c926cbe1a08e030175490
clksite.com,AVAILABILITY,origin.list,origin.list,2022-04-26 05:35:38.864049,981c926cbe1a08e030175490
cnn.cm,AVAILABILITY,origin.list,origin.list,2022-04-26 05:35:43.727508,981c926cbe1a08e030175490
cnbnews.com,AVAILABILITY,origin.list,origin.list,2022-04-26 05:35:44.492325,981c926cbe1a08e030175490
clxcaf.com,AVAILABILITY,origin.list,origin.list,2022-04-26 05:35:48.499697,981c926cbe1a08e030175490
cnnnew.com,AVAILABILITY,origin.list,origin.list,2022-04-26 05:35:49.568082,981c926cbe1a08e030175490
cm.myway.com,AVAILABILITY,origin.list,origin.list,2022-04-26 05:35:50.273322,981c926cbe1a08e030175490
cm.need2find.com,AVAILABILITY,origin.list,origin.list,2022-04-26 05:35:50.356224,981c926cbe1a08e030175490
cogivea.com,AVAILABILITY,origin.list,origin.list,2022-04-26 05:35:51.557529,981c926cbe1a08e030175490
coldwellbanker.net,AVAILABILITY,origin.list,origin.list,2022-04-26 05:35:52.836170,981c926cbe1a08e030175490
collect-us-east-1.tealiumiq.com,AVAILABILITY,origin.list,origin.list,2022-04-26 05:35:53.320166,981c926cbe1a08e030175490
collectiable.com,AVAILABILITY,origin.list,origin.list,2022-04-26 05:35:55.315051,981c926cbe1a08e030175490
collector-1054.tvsquared.com,AVAILABILITY,origin.list,origin.list,2022-04-26 05:35:55.472056,981c926cbe1a08e030175490
collector-pxel3l4xih.perimeterx.net,AVAILABILITY,origin.list,origin.list,2022-04-26 05:35:56.918013,981c926cbe1a08e030175490
collector.leaddyno.com,AVAILABILITY,origin.list,origin.list,2022-04-26 05:35:57.362021,981c926cbe1a08e030175490
columbahouse.com,AVAILABILITY,origin.list,origin.list,2022-04-26 05:35:58.689952,981c926cbe1a08e030175490
columbianhouse.com,AVAILABILITY,origin.list,origin.list,2022-04-26 05:36:00.817757,981c926cbe1a08e030175490
comairairlines.com,AVAILABILITY,origin.list,origin.list,2022-04-26 05:36:00.941400,981c926cbe1a08e030175490
conds.ru,AVAILABILITY,origin.list,origin.list,2022-04-26 05:36:03.280009,981c926cbe1a08e030175490
conduit.com,AVAILABILITY,origin.list,origin.list,2022-04-26 05:36:04.458407,981c926cbe1a08e030175490
comfz.com,AVAILABILITY,origin.list,origin.list,2022-04-26 05:36:04.695545,981c926cbe1a08e030175490
consumeralternatives.org,AVAILABILITY,origin.list,origin.list,2022-04-26 05:36:06.312051,981c926cbe1a08e030175490
contentcleaner.com,AVAILABILITY,origin.list,origin.list,2022-04-26 05:36:06.557673,981c926cbe1a08e030175490
conversion.7search.com,AVAILABILITY,origin.list,origin.list,2022-04-26 05:36:07.980063,981c926cbe1a08e030175490
contniental.com,AVAILABILITY,origin.list,origin.list,2022-04-26 05:36:08.638432,981c926cbe1a08e030175490
cpaclickoffer.com,AVAILABILITY,origin.list,origin.list,2022-04-26 05:36:10.950100,981c926cbe1a08e030175490
coreclickhoo.com,AVAILABILITY,origin.list,origin.list,2022-04-26 05:36:11.690227,981c926cbe1a08e030175490
cpatraffictracker.com,AVAILABILITY,origin.list,origin.list,2022-04-26 05:36:12.040302,981c926cbe1a08e030175490
core.adunity.com,AVAILABILITY,origin.list,origin.list,2022-04-26 05:36:12.077492,981c926cbe1a08e030175490
crackfulldownload.com,AVAILABILITY,origin.list,origin.list,2022-04-26 05:36:14.919947,981c926cbe1a08e030175490
cpaway.afftrack.com,AVAILABILITY,origin.list,origin.list,2022-04-26 05:36:15.448623,981c926cbe1a08e030175490
crackzplanet.com,AVAILABILITY,origin.list,origin.list,2022-04-26 05:36:16.729217,981c926cbe1a08e030175490
crackspider.net,AVAILABILITY,origin.list,origin.list,2022-04-26 05:36:17.207528,981c926cbe1a08e030175490
cracksplanet.com,AVAILABILITY,origin.list,origin.list,2022-04-26 05:36:18.025664,981c926cbe1a08e030175490
create.lidstatic.com,AVAILABILITY,origin.list,origin.list,2022-04-26 05:36:18.561084,981c926cbe1a08e030175490
creatives.livejasmin.com,AVAILABILITY,origin.list,origin.list,2022-04-26 05:36:20.351660,981c926cbe1a08e030175490
cs.luckyorange.net,AVAILABILITY,origin.list,origin.list,2022-04-26 05:36:23.427234,981c926cbe1a08e030175490
cswilliamsburg.com,AVAILABILITY,origin.list,origin.list,2022-04-26 05:36:23.799950,981c926cbe1a08e030175490
ctibank.com,AVAILABILITY,origin.list,origin.list,2022-04-26 05:36:25.539806,981c926cbe1a08e030175490
ctrck.com,AVAILABILITY,origin.list,origin.list,2022-04-26 05:36:26.912676,981c926cbe1a08e030175490
cybermecca.com,AVAILABILITY,origin.list,origin.list,2022-04-26 05:36:29.398457,981c926cbe1a08e030175490
customersupporthelp.com,AVAILABILITY,origin.list,origin.list,2022-04-26 05:36:29.578189,981c926cbe1a08e030175490
crazyprotocol.com,AVAILABILITY,origin.list,origin.list,2022-04-26 05:36:30.293452,981c926cbe1a08e030175490
creative.nscash.com,AVAILABILITY,origin.list,origin.list,2022-04-26 05:36:32.486448,981c926cbe1a08e030175490
cyberzine.com,AVAILABILITY,origin.list,origin.list,2022-04-26 05:36:34.998380,981c926cbe1a08e030175490
cz11.clickzzs.nl,AVAILABILITY,origin.list,origin.list,2022-04-26 05:36:35.862820,981c926cbe1a08e030175490
cybilling.com,AVAILABILITY,origin.list,origin.list,2022-04-26 05:36:36.510834,981c926cbe1a08e030175490
cz4.clickzzs.nl,AVAILABILITY,origin.list,origin.list,2022-04-26 05:36:38.404794,981c926cbe1a08e030175490
cz7.clickzzs.nl,AVAILABILITY,origin.list,origin.list,2022-04-26 05:36:41.086202,981c926cbe1a08e030175490
cz5.clickzzs.nl,AVAILABILITY,origin.list,origin.list,2022-04-26 05:36:41.393255,981c926cbe1a08e030175490
cybertown.ru,AVAILABILITY,origin.list,origin.list,2022-04-26 05:36:41.546079,981c926cbe1a08e030175490
cz8.clickzzs.nl,AVAILABILITY,origin.list,origin.list,2022-04-26 05:36:43.971638,981c926cbe1a08e030175490
dance-alarm.de,AVAILABILITY,origin.list,origin.list,2022-04-26 05:36:46.541999,981c926cbe1a08e030175490
darseo.popunder.ru,AVAILABILITY,origin.list,origin.list,2022-04-26 05:36:47.832244,981c926cbe1a08e030175490
demo.vertexinfo.in,AVAILABILITY,origin.list,origin.list,2022-04-26 05:36:48.193704,981c926cbe1a08e030175490
dentairemalin.com,AVAILABILITY,origin.list,origin.list,2022-04-26 05:36:49.755193,981c926cbe1a08e030175490
d1.kuai8.com,AVAILABILITY,origin.list,origin.list,2022-04-26 05:36:50.054723,981c926cbe1a08e030175490
directxex.com,AVAILABILITY,origin.list,origin.list,2022-04-26 05:36:52.312761,981c926cbe1a08e030175490
digiaquascr.com,AVAILABILITY,origin.list,origin.list,2022-04-26 05:36:52.745799,981c926cbe1a08e030175490
dirtyje.ws,AVAILABILITY,origin.list,origin.list,2022-04-26 05:36:54.598610,981c926cbe1a08e030175490
distribuidoraderetentores.com.br,AVAILABILITY,origin.list,origin.list,2022-04-26 05:36:54.737711,981c926cbe1a08e030175490
dimarsbg.com,AVAILABILITY,origin.list,origin.list,2022-04-26 05:36:56.712091,981c926cbe1a08e030175490
djeps.popunder.ru,AVAILABILITY,origin.list,origin.list,2022-04-26 05:36:59.587532,981c926cbe1a08e030175490
djsrp.com,AVAILABILITY,origin.list,origin.list,2022-04-26 05:37:00.713960,981c926cbe1a08e030175490
djwnatural.go2cloud.org,AVAILABILITY,origin.list,origin.list,2022-04-26 05:37:01.786707,981c926cbe1a08e030175490
dl.gameplaylabs.com,AVAILABILITY,origin.list,origin.list,2022-04-26 05:37:02.272837,981c926cbe1a08e030175490
distrilamadrid.com.ar,AVAILABILITY,origin.list,origin.list,2022-04-26 05:37:03.372597,981c926cbe1a08e030175490
doctor-alex.com,AVAILABILITY,origin.list,origin.list,2022-04-26 05:37:05.749724,981c926cbe1a08e030175490
dmp.gravity4.com,AVAILABILITY,origin.list,origin.list,2022-04-26 05:37:06.479552,981c926cbe1a08e030175490
divx.it,AVAILABILITY,origin.list,origin.list,2022-04-26 05:37:06.491503,981c926cbe1a08e030175490
dodian.site50.net,AVAILABILITY,origin.list,origin.list,2022-04-26 05:37:07.858933,981c926cbe1a08e030175490
doheth.co.uk,AVAILABILITY,origin.list,origin.list,2022-04-26 05:37:10.838268,981c926cbe1a08e030175490
dogpial.com,AVAILABILITY,origin.list,origin.list,2022-04-26 05:37:11.213207,981c926cbe1a08e030175490
dollarrentcar.com,AVAILABILITY,origin.list,origin.list,2022-04-26 05:37:13.714557,981c926cbe1a08e030175490
domainfwd.com,AVAILABILITY,origin.list,origin.list,2022-04-26 05:37:15.036231,981c926cbe1a08e030175490
dl.heima8.com,AVAILABILITY,origin.list,origin.list,2022-04-26 05:37:15.746824,981c926cbe1a08e030175490
domainfwding.com,AVAILABILITY,origin.list,origin.list,2022-04-26 05:37:16.243104,981c926cbe1a08e030175490
dodostats.com,AVAILABILITY,origin.list,origin.list,2022-04-26 05:37:19.041465,981c926cbe1a08e030175490
dotzup.com,AVAILABILITY,origin.list,origin.list,2022-04-26 05:37:19.549209,981c926cbe1a08e030175490
down1oads.com,AVAILABILITY,origin.list,origin.list,2022-04-26 05:37:21.711772,981c926cbe1a08e030175490
dowdenphotography.com,AVAILABILITY,origin.list,origin.list,2022-04-26 05:37:22.050267,981c926cbe1a08e030175490
download.browseraccelerator.com,AVAILABILITY,origin.list,origin.list,2022-04-26 05:37:23.741598,981c926cbe1a08e030175490
download.cdn.sharelive.net,AVAILABILITY,origin.list,origin.list,2022-04-26 05:37:26.762051,981c926cbe1a08e030175490
download.fyxm.net,AVAILABILITY,origin.list,origin.list,2022-04-26 05:37:27.885980,981c926cbe1a08e030175490
dougmlee.com,AVAILABILITY,origin.list,origin.list,2022-04-26 05:37:30.071219,981c926cbe1a08e030175490
download.56.com,AVAILABILITY,origin.list,origin.list,2022-04-26 05:37:33.023236,981c926cbe1a08e030175490
download.ytdownloader.com,AVAILABILITY,origin.list,origin.list,2022-04-26 05:37:33.149658,981c926cbe1a08e030175490
download207.mediafire.com,AVAILABILITY,origin.list,origin.list,2022-04-26 05:37:34.697773,981c926cbe1a08e030175490
dp-medien.eu,AVAILABILITY,origin.list,origin.list,2022-04-26 05:37:37.523247,981c926cbe1a08e030175490
downloadwarez.org,AVAILABILITY,origin.list,origin.list,2022-04-26 05:37:38.736155,981c926cbe1a08e030175490
download.grandcloud.cn,AVAILABILITY,origin.list,origin.list,2022-04-26 05:37:38.946728,981c926cbe1a08e030175490
drivotracker.com,AVAILABILITY,origin.list,origin.list,2022-04-26 05:37:39.973996,981c926cbe1a08e030175490
download.realtimegaming.com,AVAILABILITY,origin.list,origin.list,2022-04-26 05:37:42.178542,981c926cbe1a08e030175490
drrt.h18.ru,AVAILABILITY,origin.list,origin.list,2022-04-26 05:37:42.904598,981c926cbe1a08e030175490
dualvaccine.com,AVAILABILITY,origin.list,origin.list,2022-04-26 05:37:43.424389,981c926cbe1a08e030175490
drunkenstepfather.com,AVAILABILITY,origin.list,origin.list,2022-04-26 05:37:44.550551,981c926cbe1a08e030175490
dvdmanager-203.sv2.biz,AVAILABILITY,origin.list,origin.list,2022-04-26 05:37:45.676852,981c926cbe1a08e030175490
duplicatefilecleaner.com,AVAILABILITY,origin.list,origin.list,2022-04-26 05:37:47.970669,981c926cbe1a08e030175490
e0.extreme-dm.com,AVAILABILITY,origin.list,origin.list,2022-04-26 05:37:48.484380,981c926cbe1a08e030175490
dzxcq.com,AVAILABILITY,origin.list,origin.list,2022-04-26 05:37:48.908669,981c926cbe1a08e030175490
e.dtscout.com,AVAILABILITY,origin.list,origin.list,2022-04-26 05:37:49.603898,981c926cbe1a08e030175490
e1.extreme-dm.com,AVAILABILITY,origin.list,origin.list,2022-04-26 05:37:50.261886,981c926cbe1a08e030175490
dzzrenjanin.rs,AVAILABILITY,origin.list,origin.list,2022-04-26 05:37:50.756524,981c926cbe1a08e030175490
ead-soft.popunder.ru,AVAILABILITY,origin.list,origin.list,2022-04-26 05:37:53.792826,981c926cbe1a08e030175490
e2.extreme-dm.com,AVAILABILITY,origin.list,origin.list,2022-04-26 05:37:53.867787,981c926cbe1a08e030175490
ebdr3.com,AVAILABILITY,origin.list,origin.list,2022-04-26 05:37:54.561981,981c926cbe1a08e030175490
ebertandroeper.com,AVAILABILITY,origin.list,origin.list,2022-04-26 05:37:55.153070,981c926cbe1a08e030175490
ebocornac.com,AVAILABILITY,origin.list,origin.list,2022-04-26 05:37:56.594223,981c926cbe1a08e030175490
ecdtrk.com,AVAILABILITY,origin.list,origin.list,2022-04-26 05:37:57.484567,981c926cbe1a08e030175490
ecos.e-mailcom.co.uk,AVAILABILITY,origin.list,origin.list,2022-04-26 05:37:57.915604,981c926cbe1a08e030175490
eclkspsa.com,AVAILABILITY,origin.list,origin.list,2022-04-26 05:37:58.511347,981c926cbe1a08e030175490
ecpmrocks.com,AVAILABILITY,origin.list,origin.list,2022-04-26 05:37:59.681650,981c926cbe1a08e030175490
edmedsnow.com,AVAILABILITY,origin.list,origin.list,2022-04-26 05:38:02.918485,981c926cbe1a08e030175490
emrlogistics.com,AVAILABILITY,origin.list,origin.list,2022-04-26 05:38:03.652655,981c926cbe1a08e030175490
engelfire.com,AVAILABILITY,origin.list,origin.list,2022-04-26 05:38:05.249173,981c926cbe1a08e030175490
enigmasoftware.com,AVAILABILITY,origin.list,origin.list,2022-04-26 05:38:07.942309,981c926cbe1a08e030175490
epmclk.com,AVAILABILITY,origin.list,origin.list,2022-04-26 05:38:09.142503,981c926cbe1a08e030175490
epmads.com,AVAILABILITY,origin.list,origin.list,2022-04-26 05:38:09.483039,981c926cbe1a08e030175490
edits.mywebsearch.com,AVAILABILITY,origin.list,origin.list,2022-04-26 05:38:11.843597,981c926cbe1a08e030175490
ertya.com,AVAILABILITY,origin.list,origin.list,2022-04-26 05:38:12.503519,981c926cbe1a08e030175490
equallyyolked.com,AVAILABILITY,origin.list,origin.list,2022-04-26 05:38:14.732026,981c926cbe1a08e030175490
effectivebrand.com,AVAILABILITY,origin.list,origin.list,2022-04-26 05:38:14.903599,981c926cbe1a08e030175490
etahub.com,AVAILABILITY,origin.list,origin.list,2022-04-26 05:38:16.123076,981c926cbe1a08e030175490
everydaygays.com,AVAILABILITY,origin.list,origin.list,2022-04-26 05:38:19.153291,981c926cbe1a08e030175490
evaairline.com,AVAILABILITY,origin.list,origin.list,2022-04-26 05:38:19.537294,981c926cbe1a08e030175490
exactadvertising.com,AVAILABILITY,origin.list,origin.list,2022-04-26 05:38:20.093668,981c926cbe1a08e030175490
exit.silvercash.com,AVAILABILITY,origin.list,origin.list,2022-04-26 05:38:21.025215,981c926cbe1a08e030175490
expressaffiliatesite.com,AVAILABILITY,origin.list,origin.list,2022-04-26 05:38:23.489910,981c926cbe1a08e030175490
errors.perfectgonzo.com,AVAILABILITY,origin.list,origin.list,2022-04-26 05:38:23.711516,981c926cbe1a08e030175490
expressomatogrosso.com.br,AVAILABILITY,origin.list,origin.list,2022-04-26 05:38:24.317816,981c926cbe1a08e030175490
eyes.by,AVAILABILITY,origin.list,origin.list,2022-04-26 05:38:25.841077,981c926cbe1a08e030175490
ezthemes.com,AVAILABILITY,origin.list,origin.list,2022-04-26 05:38:25.933307,981c926cbe1a08e030175490
f.gj555.net,AVAILABILITY,origin.list,origin.list,2022-04-26 05:38:27.364838,981c926cbe1a08e030175490
f-js1.spotsniper.ru,AVAILABILITY,origin.list,origin.list,2022-04-26 05:38:28.513327,981c926cbe1a08e030175490
facebook-proxy.hi5.com,AVAILABILITY,origin.list,origin.list,2022-04-26 05:38:28.988880,981c926cbe1a08e030175490
facebook-repto1040s2.ahlamountada.com,AVAILABILITY,origin.list,origin.list,2022-04-26 05:38:29.335061,981c926cbe1a08e030175490
facebook.cm,AVAILABILITY,origin.list,origin.list,2022-04-26 05:38:29.945637,981c926cbe1a08e030175490
facebookloginsignin.com,AVAILABILITY,origin.list,origin.list,2022-04-26 05:38:31.976334,981c926cbe1a08e030175490
facebooktbtoolbar.ourtoolbar.com,AVAILABILITY,origin.list,origin.list,2022-04-26 05:38:33.583486,981c926cbe1a08e030175490
fastdownload10.com,AVAILABILITY,origin.list,origin.list,2022-04-26 05:38:33.614347,981c926cbe1a08e030175490
facebookunblocking.com,AVAILABILITY,origin.list,origin.list,2022-04-26 05:38:34.516941,981c926cbe1a08e030175490
fastnclick.com,AVAILABILITY,origin.list,origin.list,2022-04-26 05:38:36.458589,981c926cbe1a08e030175490
faunusaff.afftrack.com,AVAILABILITY,origin.list,origin.list,2022-04-26 05:38:37.791657,981c926cbe1a08e030175490
facebookcrawl.co.cc,AVAILABILITY,origin.list,origin.list,2022-04-26 05:38:39.494386,981c926cbe1a08e030175490
feeds.videosz.com,AVAILABILITY,origin.list,origin.list,2022-04-26 05:38:40.424131,981c926cbe1a08e030175490
fb.cashtraffic.com,AVAILABILITY,origin.list,origin.list,2022-04-26 05:38:40.477399,981c926cbe1a08e030175490
federicksofhollywood.com,AVAILABILITY,origin.list,origin.list,2022-04-26 05:38:42.220991,981c926cbe1a08e030175490
fgawegwr.chez.com,AVAILABILITY,origin.list,origin.list,2022-04-26 05:38:44.480237,981c926cbe1a08e030175490
files.brothersoft.com,AVAILABILITY,origin.list,origin.list,2022-04-26 05:38:44.693585,981c926cbe1a08e030175490
femeedia.com,AVAILABILITY,origin.list,origin.list,2022-04-26 05:38:44.763056,981c926cbe1a08e030175490
filefortune.com,AVAILABILITY,origin.list,origin.list,2022-04-26 05:38:45.331542,981c926cbe1a08e030175490
filter.onwardclick.com,AVAILABILITY,origin.list,origin.list,2022-04-26 05:38:48.169915,981c926cbe1a08e030175490
files.dsnetwb.com,AVAILABILITY,origin.list,origin.list,2022-04-26 05:38:48.217566,981c926cbe1a08e030175490
filter.adsparkmedia.net,AVAILABILITY,origin.list,origin.list,2022-04-26 05:38:48.267172,981c926cbe1a08e030175490
favicon.com,AVAILABILITY,origin.list,origin.list,2022-04-26 05:38:48.953980,981c926cbe1a08e030175490
findit-quick.com,AVAILABILITY,origin.list,origin.list,2022-04-26 05:38:49.596194,981c926cbe1a08e030175490
fixcleaner.com,AVAILABILITY,origin.list,origin.list,2022-04-26 05:38:52.053717,981c926cbe1a08e030175490
firstconsumers.com,AVAILABILITY,origin.list,origin.list,2022-04-26 05:38:53.049234,981c926cbe1a08e030175490
fmcurling.org,AVAILABILITY,origin.list,origin.list,2022-04-26 05:38:54.741919,981c926cbe1a08e030175490
flashcasino.com,AVAILABILITY,origin.list,origin.list,2022-04-26 05:38:55.015085,981c926cbe1a08e030175490
foreclousures.com,AVAILABILITY,origin.list,origin.list,2022-04-26 05:38:57.320027,981c926cbe1a08e030175490
foreclousure.com,AVAILABILITY,origin.list,origin.list,2022-04-26 05:38:58.224412,981c926cbe1a08e030175490
forex-instruments.info,AVAILABILITY,origin.list,origin.list,2022-04-26 05:39:00.087914,981c926cbe1a08e030175490
formessengers.com,AVAILABILITY,origin.list,origin.list,2022-04-26 05:39:00.659391,981c926cbe1a08e030175490
flowtec.com.br,AVAILABILITY,origin.list,origin.list,2022-04-26 05:39:01.312668,981c926cbe1a08e030175490
forum-boost.site50.net,AVAILABILITY,origin.list,origin.list,2022-04-26 05:39:01.882333,981c926cbe1a08e030175490
forms.earnmydegree.com,AVAILABILITY,origin.list,origin.list,2022-04-26 05:39:03.468482,981c926cbe1a08e030175490
fotologaso.miss-web.es,AVAILABILITY,origin.list,origin.list,2022-04-26 05:39:05.017278,981c926cbe1a08e030175490
fpcclicks.com,AVAILABILITY,origin.list,origin.list,2022-04-26 05:39:05.125251,981c926cbe1a08e030175490
fqtag.com,AVAILABILITY,origin.list,origin.list,2022-04-26 05:39:06.639691,981c926cbe1a08e030175490
free.content.streamray.com,AVAILABILITY,origin.list,origin.list,2022-04-26 05:39:08.853186,981c926cbe1a08e030175490
freebiesms.co.uk,AVAILABILITY,origin.list,origin.list,2022-04-26 05:39:09.639307,981c926cbe1a08e030175490
freenew.net,AVAILABILITY,origin.list,origin.list,2022-04-26 05:39:10.751785,981c926cbe1a08e030175490
freegroupvideo.popunder.ru,AVAILABILITY,origin.list,origin.list,2022-04-26 05:39:11.305490,981c926cbe1a08e030175490
freeserials.ws,AVAILABILITY,origin.list,origin.list,2022-04-26 05:39:11.789193,981c926cbe1a08e030175490
freevideo.biz.nf,AVAILABILITY,origin.list,origin.list,2022-04-26 05:39:14.268881,981c926cbe1a08e030175490
frtya.com,AVAILABILITY,origin.list,origin.list,2022-04-26 05:39:15.748763,981c926cbe1a08e030175490
freewebtown.com,AVAILABILITY,origin.list,origin.list,2022-04-26 05:39:16.353767,981c926cbe1a08e030175490
frtyb.com,AVAILABILITY,origin.list,origin.list,2022-04-26 05:39:17.316759,981c926cbe1a08e030175490
friendlyduck.com,AVAILABILITY,origin.list,origin.list,2022-04-26 05:39:18.306249,981c926cbe1a08e030175490
fsl.sytes.net,AVAILABILITY,origin.list,origin.list,2022-04-26 05:39:20.083223,981c926cbe1a08e030175490
fuviseni.angelfire.com,AVAILABILITY,origin.list,origin.list,2022-04-26 05:39:22.303506,981c926cbe1a08e030175490
gaf-company.clean.to,AVAILABILITY,origin.list,origin.list,2022-04-26 05:39:23.270430,981c926cbe1a08e030175490
fyxm.net,AVAILABILITY,origin.list,origin.list,2022-04-26 05:39:23.374797,981c926cbe1a08e030175490
gaja79.com,AVAILABILITY,origin.list,origin.list,2022-04-26 05:39:27.075810,981c926cbe1a08e030175490
gajime.popunder.ru,AVAILABILITY,origin.list,origin.list,2022-04-26 05:39:27.290201,981c926cbe1a08e030175490
gallys.nastydollars.com,AVAILABILITY,origin.list,origin.list,2022-04-26 05:39:30.262999,981c926cbe1a08e030175490
fxstra.com,AVAILABILITY,origin.list,origin.list,2022-04-26 05:39:30.927097,981c926cbe1a08e030175490
gameangel.com,AVAILABILITY,origin.list,origin.list,2022-04-26 05:39:31.431018,981c926cbe1a08e030175490
gameplaylabs.com,AVAILABILITY,origin.list,origin.list,2022-04-26 05:39:31.668421,981c926cbe1a08e030175490
gameatlas.com,AVAILABILITY,origin.list,origin.list,2022-04-26 05:39:33.640684,981c926cbe1a08e030175490
games4u.ws,AVAILABILITY,origin.list,origin.list,2022-04-26 05:39:36.228462,981c926cbe1a08e030175490
gamepor.com,AVAILABILITY,origin.list,origin.list,2022-04-26 05:39:37.140552,981c926cbe1a08e030175490
gamesfly.com,AVAILABILITY,origin.list,origin.list,2022-04-26 05:39:37.286574,981c926cbe1a08e030175490
gamesharck.com,AVAILABILITY,origin.list,origin.list,2022-04-26 05:39:37.502075,981c926cbe1a08e030175490
garudaairlines.com,AVAILABILITY,origin.list,origin.list,2022-04-26 05:39:38.913914,981c926cbe1a08e030175490
gayxperience.com,AVAILABILITY,origin.list,origin.list,2022-04-26 05:39:41.077376,981c926cbe1a08e030175490
generationgirls.com,AVAILABILITY,origin.list,origin.list,2022-04-26 05:39:41.966452,981c926cbe1a08e030175490
geobanner.getiton.com,AVAILABILITY,origin.list,origin.list,2022-04-26 05:39:43.347267,981c926cbe1a08e030175490
genforumgenealogy.com,AVAILABILITY,origin.list,origin.list,2022-04-26 05:39:43.391546,981c926cbe1a08e030175490
get-avast.com,AVAILABILITY,origin.list,origin.list,2022-04-26 05:39:45.099937,981c926cbe1a08e030175490
get-quadcleaner.com,AVAILABILITY,origin.list,origin.list,2022-04-26 05:39:45.226312,981c926cbe1a08e030175490
getiton.com,AVAILABILITY,origin.list,origin.list,2022-04-26 05:39:47.686043,981c926cbe1a08e030175490
getrockerbox.com,AVAILABILITY,origin.list,origin.list,2022-04-26 05:39:48.896682,981c926cbe1a08e030175490
globalcharge.com,AVAILABILITY,origin.list,origin.list,2022-04-26 05:39:49.656850,981c926cbe1a08e030175490
gen2server.com,AVAILABILITY,origin.list,origin.list,2022-04-26 05:39:50.855503,981c926cbe1a08e030175490
gilvision.com,AVAILABILITY,origin.list,origin.list,2022-04-26 05:39:51.196587,981c926cbe1a08e030175490
go.mooncklick.com,AVAILABILITY,origin.list,origin.list,2022-04-26 05:39:51.528373,981c926cbe1a08e030175490
go.oclaserver.com,AVAILABILITY,origin.list,origin.list,2022-04-26 05:39:53.447288,981c926cbe1a08e030175490
go.onclasrv.com,AVAILABILITY,origin.list,origin.list,2022-04-26 05:39:53.465282,981c926cbe1a08e030175490
go.searchlock.com,AVAILABILITY,origin.list,origin.list,2022-04-26 05:39:55.713176,981c926cbe1a08e030175490
go777site.com,AVAILABILITY,origin.list,origin.list,2022-04-26 05:39:56.235710,981c926cbe1a08e030175490
goggl.com,AVAILABILITY,origin.list,origin.list,2022-04-26 05:39:57.772928,981c926cbe1a08e030175490
gom-player.gooofull.com,AVAILABILITY,origin.list,origin.list,2022-04-26 05:39:59.936401,981c926cbe1a08e030175490
google-docs.org,AVAILABILITY,origin.list,origin.list,2022-04-26 05:40:01.592758,981c926cbe1a08e030175490
googlwe.com,AVAILABILITY,origin.list,origin.list,2022-04-26 05:40:03.281895,981c926cbe1a08e030175490
gopeds.com,AVAILABILITY,origin.list,origin.list,2022-04-26 05:40:07.392408,981c926cbe1a08e030175490
goolges.com,AVAILABILITY,origin.list,origin.list,2022-04-26 05:40:07.603851,981c926cbe1a08e030175490
goolegames.com,AVAILABILITY,origin.list,origin.list,2022-04-26 05:40:08.543511,981c926cbe1a08e030175490
gopogle.com,AVAILABILITY,origin.list,origin.list,2022-04-26 05:40:09.008142,981c926cbe1a08e030175490
goldbye.vicp.net,AVAILABILITY,origin.list,origin.list,2022-04-26 05:40:10.659447,981c926cbe1a08e030175490
graphics.streamray.com,AVAILABILITY,origin.list,origin.list,2022-04-26 05:40:11.998597,981c926cbe1a08e030175490
grabfile.co,AVAILABILITY,origin.list,origin.list,2022-04-26 05:40:12.927000,981c926cbe1a08e030175490
gratisweb.com,AVAILABILITY,origin.list,origin.list,2022-04-26 05:40:14.069618,981c926cbe1a08e030175490
green.erne.co,AVAILABILITY,origin.list,origin.list,2022-04-26 05:40:14.335768,981c926cbe1a08e030175490
gulf-industrial.com,AVAILABILITY,origin.list,origin.list,2022-04-26 05:40:17.533410,981c926cbe1a08e030175490
guaranty.com.cn,AVAILABILITY,origin.list,origin.list,2022-04-26 05:40:18.151195,981c926cbe1a08e030175490
h-adachi.org,AVAILABILITY,origin.list,origin.list,2022-04-26 05:40:18.683534,981c926cbe1a08e030175490
gwmtracker.com,AVAILABILITY,origin.list,origin.list,2022-04-26 05:40:19.225683,981c926cbe1a08e030175490
gvc.vn,AVAILABILITY,origin.list,origin.list,2022-04-26 05:40:19.641012,981c926cbe1a08e030175490
h0rnd0g.popunder.ru,AVAILABILITY,origin.list,origin.list,2022-04-26 05:40:22.481073,981c926cbe1a08e030175490
hacking.mysteria.cz,AVAILABILITY,origin.list,origin.list,2022-04-26 05:40:25.220202,981c926cbe1a08e030175490
h21.ru,AVAILABILITY,origin.list,origin.list,2022-04-26 05:40:25.221276,981c926cbe1a08e030175490
hanulsms.com,AVAILABILITY,origin.list,origin.list,2022-04-26 05:40:25.948222,981c926cbe1a08e030175490
haedong.es.kr,AVAILABILITY,origin.list,origin.list,2022-04-26 05:40:26.882288,981c926cbe1a08e030175490
handyarchive.com,AVAILABILITY,origin.list,origin.list,2022-04-26 05:40:27.837530,981c926cbe1a08e030175490
haso.pubmatic.com,AVAILABILITY,origin.list,origin.list,2022-04-26 05:40:30.771372,981c926cbe1a08e030175490
harmonyhollow.net,AVAILABILITY,origin.list,origin.list,2022-04-26 05:40:31.448218,981c926cbe1a08e030175490
help.mysearch.com,AVAILABILITY,origin.list,origin.list,2022-04-26 05:40:31.862458,981c926cbe1a08e030175490
hefigo.com,AVAILABILITY,origin.list,origin.list,2022-04-26 05:40:31.919980,981c926cbe1a08e030175490
herezera.com,AVAILABILITY,origin.list,origin.list,2022-04-26 05:40:34.761485,981c926cbe1a08e030175490
hentaidatabase.com,AVAILABILITY,origin.list,origin.list,2022-04-26 05:40:36.344652,981c926cbe1a08e030175490
hertzsales.com,AVAILABILITY,origin.list,origin.list,2022-04-26 05:40:37.029619,981c926cbe1a08e030175490
hidebux.com,AVAILABILITY,origin.list,origin.list,2022-04-26 05:40:41.341382,981c926cbe1a08e030175490
historykill.com,AVAILABILITY,origin.list,origin.list,2022-04-26 05:40:41.705629,981c926cbe1a08e030175490
helpint.mywebsearch.com,AVAILABILITY,origin.list,origin.list,2022-04-26 05:40:43.978985,981c926cbe1a08e030175490
hnskorea.co.kr,AVAILABILITY,origin.list,origin.list,2022-04-26 05:40:44.459636,981c926cbe1a08e030175490
hgtzz.com,AVAILABILITY,origin.list,origin.list,2022-04-26 05:40:46.292618,981c926cbe1a08e030175490
hoerbird.net,AVAILABILITY,origin.list,origin.list,2022-04-26 05:40:46.639902,981c926cbe1a08e030175490
homedepoy.com,AVAILABILITY,origin.list,origin.list,2022-04-26 05:40:49.314778,981c926cbe1a08e030175490
homrdepot.com,AVAILABILITY,origin.list,origin.list,2022-04-26 05:40:50.202906,981c926cbe1a08e030175490
host-it.co.uk,AVAILABILITY,origin.list,origin.list,2022-04-26 05:40:50.558904,981c926cbe1a08e030175490
hornytraffic.com,AVAILABILITY,origin.list,origin.list,2022-04-26 05:40:50.808135,981c926cbe1a08e030175490
holika.com,AVAILABILITY,origin.list,origin.list,2022-04-26 05:40:52.321180,981c926cbe1a08e030175490
hot-bot.com,AVAILABILITY,origin.list,origin.list,2022-04-26 05:40:55.247309,981c926cbe1a08e030175490
howtocleanacomputervirus.com,AVAILABILITY,origin.list,origin.list,2022-04-26 05:40:56.209986,981c926cbe1a08e030175490
hy-brasil.mhwang.com,AVAILABILITY,origin.list,origin.list,2022-04-26 05:40:57.104411,981c926cbe1a08e030175490
i-games.biz,AVAILABILITY,origin.list,origin.list,2022-04-26 05:40:59.720158,981c926cbe1a08e030175490
ia1.7search.com,AVAILABILITY,origin.list,origin.list,2022-04-26 05:41:00.683703,981c926cbe1a08e030175490
hosting.conduit.com,AVAILABILITY,origin.list,origin.list,2022-04-26 05:41:04.400366,981c926cbe1a08e030175490
icoocash.com,AVAILABILITY,origin.list,origin.list,2022-04-26 05:41:05.665752,981c926cbe1a08e030175490
hustlercash.hit.bg,AVAILABILITY,origin.list,origin.list,2022-04-26 05:41:05.913381,981c926cbe1a08e030175490
icracks.net,AVAILABILITY,origin.list,origin.list,2022-04-26 05:41:08.479327,981c926cbe1a08e030175490
ibmvideo.com,AVAILABILITY,origin.list,origin.list,2022-04-26 05:41:10.475801,981c926cbe1a08e030175490
ieginc.com,AVAILABILITY,origin.list,origin.list,2022-04-26 05:41:10.706418,981c926cbe1a08e030175490
iframes.awempire.com,AVAILABILITY,origin.list,origin.list,2022-04-26 05:41:12.385293,981c926cbe1a08e030175490
icityfind.com,AVAILABILITY,origin.list,origin.list,2022-04-26 05:41:12.882214,981c926cbe1a08e030175490
ilovecheating.com,AVAILABILITY,origin.list,origin.list,2022-04-26 05:41:17.146741,981c926cbe1a08e030175490
igame4free.com,AVAILABILITY,origin.list,origin.list,2022-04-26 05:41:17.425881,981c926cbe1a08e030175490
images.brainfox.com,AVAILABILITY,origin.list,origin.list,2022-04-26 05:41:19.891354,981c926cbe1a08e030175490
images.e-mailcom.co.uk,AVAILABILITY,origin.list,origin.list,2022-04-26 05:41:21.887791,981c926cbe1a08e030175490
images.host.bannerflow.com,AVAILABILITY,origin.list,origin.list,2022-04-26 05:41:22.601615,981c926cbe1a08e030175490
iframes.perfectgonzo.com,AVAILABILITY,origin.list,origin.list,2022-04-26 05:41:23.328093,981c926cbe1a08e030175490
img001.com,AVAILABILITY,origin.list,origin.list,2022-04-26 05:41:23.430567,981c926cbe1a08e030175490
iframes.prettyincash.com,AVAILABILITY,origin.list,origin.list,2022-04-26 05:41:25.265447,981c926cbe1a08e030175490
img2.sankakustatic.com,AVAILABILITY,origin.list,origin.list,2022-04-26 05:41:26.106535,981c926cbe1a08e030175490
innatek.com,AVAILABILITY,origin.list,origin.list,2022-04-26 05:41:28.387187,981c926cbe1a08e030175490
installm.net,AVAILABILITY,origin.list,origin.list,2022-04-26 05:41:29.349388,981c926cbe1a08e030175490
inndl.com,AVAILABILITY,origin.list,origin.list,2022-04-26 05:41:29.531266,981c926cbe1a08e030175490
infra.by,AVAILABILITY,origin.list,origin.list,2022-04-26 05:41:30.569131,981c926cbe1a08e030175490
instorm.com,AVAILABILITY,origin.list,origin.list,2022-04-26 05:41:30.820627,981c926cbe1a08e030175490
intera-x.com,AVAILABILITY,origin.list,origin.list,2022-04-26 05:41:31.894053,981c926cbe1a08e030175490
interia-ek.ru,AVAILABILITY,origin.list,origin.list,2022-04-26 05:41:32.561337,981c926cbe1a08e030175490
internet-cleaning-tool.capital-software.qarchive.org,AVAILABILITY,origin.list,origin.list,2022-04-26 05:41:35.125464,981c926cbe1a08e030175490
is2.websearch.com,AVAILABILITY,origin.list,origin.list,2022-04-26 05:41:35.450166,981c926cbe1a08e030175490
internethistorycleaner.ws,AVAILABILITY,origin.list,origin.list,2022-04-26 05:41:35.592398,981c926cbe1a08e030175490
islamipedia.org,AVAILABILITY,origin.list,origin.list,2022-04-26 05:41:37.353134,981c926cbe1a08e030175490
isettatech.com,AVAILABILITY,origin.list,origin.list,2022-04-26 05:41:37.892541,981c926cbe1a08e030175490
iybasketball.info,AVAILABILITY,origin.list,origin.list,2022-04-26 05:41:42.202974,981c926cbe1a08e030175490
iyfnzgb.com,AVAILABILITY,origin.list,origin.list,2022-04-26 05:41:42.330626,981c926cbe1a08e030175490
isuzi.com,AVAILABILITY,origin.list,origin.list,2022-04-26 05:41:43.151601,981c926cbe1a08e030175490
japanesevehicles.us,AVAILABILITY,origin.list,origin.list,2022-04-26 05:41:43.182376,981c926cbe1a08e030175490
jabu.popunder.ru,AVAILABILITY,origin.list,origin.list,2022-04-26 05:41:44.358170,981c926cbe1a08e030175490
japtron.es,AVAILABILITY,origin.list,origin.list,2022-04-26 05:41:46.727351,981c926cbe1a08e030175490
jcwhintey.com,AVAILABILITY,origin.list,origin.list,2022-04-26 05:41:47.133163,981c926cbe1a08e030175490
javascriptobfuscator.com,AVAILABILITY,origin.list,origin.list,2022-04-26 05:41:47.943354,981c926cbe1a08e030175490
jcwhitey.com,AVAILABILITY,origin.list,origin.list,2022-04-26 05:41:50.000375,981c926cbe1a08e030175490
jcwhiney.com,AVAILABILITY,origin.list,origin.list,2022-04-26 05:41:50.407494,981c926cbe1a08e030175490
jdfabrication.com,AVAILABILITY,origin.list,origin.list,2022-04-26 05:41:51.349370,981c926cbe1a08e030175490
jejuskypension.com,AVAILABILITY,origin.list,origin.list,2022-04-26 05:41:53.197613,981c926cbe1a08e030175490
joetoons.com,AVAILABILITY,origin.list,origin.list,2022-04-26 05:41:55.033677,981c926cbe1a08e030175490
joinourwebsite.com,AVAILABILITY,origin.list,origin.list,2022-04-26 05:41:56.173841,981c926cbe1a08e030175490
josip-stadler.org,AVAILABILITY,origin.list,origin.list,2022-04-26 05:41:58.252033,981c926cbe1a08e030175490
joincreditexpert.co.uk,AVAILABILITY,origin.list,origin.list,2022-04-26 05:41:59.024001,981c926cbe1a08e030175490
js11.clickzzs.nl,AVAILABILITY,origin.list,origin.list,2022-04-26 05:42:01.330176,981c926cbe1a08e030175490
js.ad-score.com,AVAILABILITY,origin.list,origin.list,2022-04-26 05:42:01.337098,981c926cbe1a08e030175490
jrpfekf.angelfire.com,AVAILABILITY,origin.list,origin.list,2022-04-26 05:42:01.685904,981c926cbe1a08e030175490
jesnyxa.beep.com,AVAILABILITY,origin.list,origin.list,2022-04-26 05:42:03.101355,981c926cbe1a08e030175490
js7.clickzzs.nl,AVAILABILITY,origin.list,origin.list,2022-04-26 05:42:04.787815,981c926cbe1a08e030175490
jsp.clickzzs.nl,AVAILABILITY,origin.list,origin.list,2022-04-26 05:42:04.929160,981c926cbe1a08e030175490
jsonip.com,AVAILABILITY,origin.list,origin.list,2022-04-26 05:42:06.284281,981c926cbe1a08e030175490
jsp2.clickzzs.nl,AVAILABILITY,origin.list,origin.list,2022-04-26 05:42:07.511370,981c926cbe1a08e030175490
jump.aragontrack.com,AVAILABILITY,origin.list,origin.list,2022-04-26 05:42:08.791044,981c926cbe1a08e030175490
juedische-kammerphilharmonie.de,AVAILABILITY,origin.list,origin.list,2022-04-26 05:42:10.662361,981c926cbe1a08e030175490
kalantzis.net,AVAILABILITY,origin.list,origin.list,2022-04-26 05:42:13.562496,981c926cbe1a08e030175490
kamasutra.popunder.ru,AVAILABILITY,origin.list,origin.list,2022-04-26 05:42:13.777135,981c926cbe1a08e030175490
kaspersky-shop.ch,AVAILABILITY,origin.list,origin.list,2022-04-26 05:42:15.697929,981c926cbe1a08e030175490
jsing.net,AVAILABILITY,origin.list,origin.list,2022-04-26 05:42:16.273822,981c926cbe1a08e030175490
katia-paliotti.com,AVAILABILITY,origin.list,origin.list,2022-04-26 05:42:19.027546,981c926cbe1a08e030175490
k5zoom.com,AVAILABILITY,origin.list,origin.list,2022-04-26 05:42:20.679041,981c926cbe1a08e030175490
kinofree.popunder.ru,AVAILABILITY,origin.list,origin.list,2022-04-26 05:42:21.949871,981c926cbe1a08e030175490
kjbbc.net,AVAILABILITY,origin.list,origin.list,2022-04-26 05:42:23.560616,981c926cbe1a08e030175490
klikbonus.com,AVAILABILITY,origin.list,origin.list,2022-04-26 05:42:24.291188,981c926cbe1a08e030175490
kls.secure-cart.biz,AVAILABILITY,origin.list,origin.list,2022-04-26 05:42:26.454379,981c926cbe1a08e030175490
komodia.com,AVAILABILITY,origin.list,origin.list,2022-04-26 05:42:26.811238,981c926cbe1a08e030175490
kowasaki.com,AVAILABILITY,origin.list,origin.list,2022-04-26 05:42:29.053698,981c926cbe1a08e030175490
kwbtgame.com,AVAILABILITY,origin.list,origin.list,2022-04-26 05:42:29.453670,981c926cbe1a08e030175490
kazaa.com,AVAILABILITY,origin.list,origin.list,2022-04-26 05:42:30.647209,981c926cbe1a08e030175490
kwistal.nl,AVAILABILITY,origin.list,origin.list,2022-04-26 05:42:31.750373,981c926cbe1a08e030175490
laexotic.com,AVAILABILITY,origin.list,origin.list,2022-04-26 05:42:35.063302,981c926cbe1a08e030175490
lcbcad.co.uk,AVAILABILITY,origin.list,origin.list,2022-04-26 05:42:36.422128,981c926cbe1a08e030175490
lanonna.co.uk,AVAILABILITY,origin.list,origin.list,2022-04-26 05:42:37.722677,981c926cbe1a08e030175490
lapiden.com,AVAILABILITY,origin.list,origin.list,2022-04-26 05:42:38.160159,981c926cbe1a08e030175490
kz.search.need2find.com,AVAILABILITY,origin.list,origin.list,2022-04-26 05:42:40.961383,981c926cbe1a08e030175490
legendofdragoon.com,AVAILABILITY,origin.list,origin.list,2022-04-26 05:42:41.603554,981c926cbe1a08e030175490
letssearch.com,AVAILABILITY,origin.list,origin.list,2022-04-26 05:42:43.361072,981c926cbe1a08e030175490
lefos.net,AVAILABILITY,origin.list,origin.list,2022-04-26 05:42:43.537072,981c926cbe1a08e030175490
letzonke.com,AVAILABILITY,origin.list,origin.list,2022-04-26 05:42:45.558461,981c926cbe1a08e030175490
libecki.net,AVAILABILITY,origin.list,origin.list,2022-04-26 05:42:46.547563,981c926cbe1a08e030175490
linkbucks.com,AVAILABILITY,origin.list,origin.list,2022-04-26 05:42:48.108099,981c926cbe1a08e030175490
linconpark.com,AVAILABILITY,origin.list,origin.list,2022-04-26 05:42:48.241599,981c926cbe1a08e030175490
linkjumps.com,AVAILABILITY,origin.list,origin.list,2022-04-26 05:42:49.310576,981c926cbe1a08e030175490
links.onlinedownloads.org,AVAILABILITY,origin.list,origin.list,2022-04-26 05:42:51.163234,981c926cbe1a08e030175490
live-cams-0.livejasmin.com,AVAILABILITY,origin.list,origin.list,2022-04-26 05:42:52.836851,981c926cbe1a08e030175490
litec-fr.com,AVAILABILITY,origin.list,origin.list,2022-04-26 05:42:52.876668,981c926cbe1a08e030175490
liqwid.net,AVAILABILITY,origin.list,origin.list,2022-04-26 05:42:53.055541,981c926cbe1a08e030175490
live-cams-1.livejasmin.com,AVAILABILITY,origin.list,origin.list,2022-04-26 05:42:53.739507,981c926cbe1a08e030175490
livecamgirls.streamray.com,AVAILABILITY,origin.list,origin.list,2022-04-26 05:42:56.429136,981c926cbe1a08e030175490
logos.x-traceur.com,AVAILABILITY,origin.list,origin.list,2022-04-26 05:42:59.033503,981c926cbe1a08e030175490
livejasmin.com,AVAILABILITY,origin.list,origin.list,2022-04-26 05:42:59.708158,981c926cbe1a08e030175490
localh0st.info,AVAILABILITY,origin.list,origin.list,2022-04-26 05:43:00.319415,981c926cbe1a08e030175490
lonelywifehookup.com,AVAILABILITY,origin.list,origin.list,2022-04-26 05:43:02.162055,981c926cbe1a08e030175490
lostartofbeingadame.com,AVAILABILITY,origin.list,origin.list,2022-04-26 05:43:02.424921,981c926cbe1a08e030175490
lottoga.com,AVAILABILITY,origin.list,origin.list,2022-04-26 05:43:04.574940,981c926cbe1a08e030175490
low-hacker.popunder.ru,AVAILABILITY,origin.list,origin.list,2022-04-26 05:43:05.076893,981c926cbe1a08e030175490
lp.sharelive.net,AVAILABILITY,origin.list,origin.list,2022-04-26 05:43:07.048002,981c926cbe1a08e030175490
lufhansa.com,AVAILABILITY,origin.list,origin.list,2022-04-26 05:43:07.511351,981c926cbe1a08e030175490
livewell.net,AVAILABILITY,origin.list,origin.list,2022-04-26 05:43:08.146699,981c926cbe1a08e030175490
lufthansaairlines.com,AVAILABILITY,origin.list,origin.list,2022-04-26 05:43:11.120248,981c926cbe1a08e030175490
luksona.popunder.ru,AVAILABILITY,origin.list,origin.list,2022-04-26 05:43:11.720203,981c926cbe1a08e030175490
lufthanza.com,AVAILABILITY,origin.list,origin.list,2022-04-26 05:43:12.037452,981c926cbe1a08e030175490
m-99.co.uk,AVAILABILITY,origin.list,origin.list,2022-04-26 05:43:14.428675,981c926cbe1a08e030175490
m-barati.de,AVAILABILITY,origin.list,origin.list,2022-04-26 05:43:14.464147,981c926cbe1a08e030175490
m1crosoft.com,AVAILABILITY,origin.list,origin.list,2022-04-26 05:43:17.417220,981c926cbe1a08e030175490
m.friendlyduck.com,AVAILABILITY,origin.list,origin.list,2022-04-26 05:43:17.740062,981c926cbe1a08e030175490
m2.xhamster.com,AVAILABILITY,origin.list,origin.list,2022-04-26 05:43:19.466685,981c926cbe1a08e030175490
maatch.com,AVAILABILITY,origin.list,origin.list,2022-04-26 05:43:21.339529,981c926cbe1a08e030175490
magellen.com,AVAILABILITY,origin.list,origin.list,2022-04-26 05:43:22.861330,981c926cbe1a08e030175490
mail.avis.cm,AVAILABILITY,origin.list,origin.list,2022-04-26 05:43:23.697539,981c926cbe1a08e030175490
mahindrainsurance.com,AVAILABILITY,origin.list,origin.list,2022-04-26 05:43:24.395611,981c926cbe1a08e030175490
lzjl.com,AVAILABILITY,origin.list,origin.list,2022-04-26 05:43:24.780681,981c926cbe1a08e030175490
mail.cnn.cm,AVAILABILITY,origin.list,origin.list,2022-04-26 05:43:26.903923,981c926cbe1a08e030175490
mail.poker.cm,AVAILABILITY,origin.list,origin.list,2022-04-26 05:43:27.565137,981c926cbe1a08e030175490
malest.com,AVAILABILITY,origin.list,origin.list,2022-04-26 05:43:29.382687,981c926cbe1a08e030175490
malkm.com,AVAILABILITY,origin.list,origin.list,2022-04-26 05:43:29.488680,981c926cbe1a08e030175490
mail.target.cm,AVAILABILITY,origin.list,origin.list,2022-04-26 05:43:30.149962,981c926cbe1a08e030175490
mapqueat.com,AVAILABILITY,origin.list,origin.list,2022-04-26 05:43:32.811885,981c926cbe1a08e030175490
mansmith.net,AVAILABILITY,origin.list,origin.list,2022-04-26 05:43:33.741097,981c926cbe1a08e030175490
mapquestt.com,AVAILABILITY,origin.list,origin.list,2022-04-26 05:43:35.146786,981c926cbe1a08e030175490
marcopolo.uk.net,AVAILABILITY,origin.list,origin.list,2022-04-26 05:43:35.283381,981c926cbe1a08e030175490
mapquuest.com,AVAILABILITY,origin.list,origin.list,2022-04-26 05:43:36.313097,981c926cbe1a08e030175490
markbruinink.nl,AVAILABILITY,origin.list,origin.list,2022-04-26 05:43:38.411843,981c926cbe1a08e030175490
marx-brothers.mhwang.com,AVAILABILITY,origin.list,origin.list,2022-04-26 05:43:40.201662,981c926cbe1a08e030175490
marketingenhanced.com,AVAILABILITY,origin.list,origin.list,2022-04-26 05:43:40.341958,981c926cbe1a08e030175490
maxbounty.com,AVAILABILITY,origin.list,origin.list,2022-04-26 05:43:40.923989,981c926cbe1a08e030175490
mathenea.com,AVAILABILITY,origin.list,origin.list,2022-04-26 05:43:40.949138,981c926cbe1a08e030175490
media-playerz.com,AVAILABILITY,origin.list,origin.list,2022-04-26 05:43:43.603584,981c926cbe1a08e030175490
meiluziai.info,AVAILABILITY,origin.list,origin.list,2022-04-26 05:43:45.316640,981c926cbe1a08e030175490
mediaplayercodecpack.com,AVAILABILITY,origin.list,origin.list,2022-04-26 05:43:45.397115,981c926cbe1a08e030175490
maxregistrycleaner.com,AVAILABILITY,origin.list,origin.list,2022-04-26 05:43:46.717558,981c926cbe1a08e030175490
mcleanvahomes.com,AVAILABILITY,origin.list,origin.list,2022-04-26 05:43:47.322352,981c926cbe1a08e030175490
merrymilkfoods.com,AVAILABILITY,origin.list,origin.list,2022-04-26 05:43:48.451402,981c926cbe1a08e030175490
messagetag.com,AVAILABILITY,origin.list,origin.list,2022-04-26 05:43:49.742113,981c926cbe1a08e030175490
meta.7search.com,AVAILABILITY,origin.list,origin.list,2022-04-26 05:43:50.939872,981c926cbe1a08e030175490
mgjmp.com,AVAILABILITY,origin.list,origin.list,2022-04-26 05:43:51.995179,981c926cbe1a08e030175490
mg.dt00.net,AVAILABILITY,origin.list,origin.list,2022-04-26 05:43:52.766893,981c926cbe1a08e030175490
milioner.popunder.ru,AVAILABILITY,origin.list,origin.list,2022-04-26 05:43:55.686858,981c926cbe1a08e030175490
micrsoftupgradex.1apps.com,AVAILABILITY,origin.list,origin.list,2022-04-26 05:43:55.698200,981c926cbe1a08e030175490
mil-colores.com,AVAILABILITY,origin.list,origin.list,2022-04-26 05:43:55.905412,981c926cbe1a08e030175490
ming-dun.com.tw,AVAILABILITY,origin.list,origin.list,2022-04-26 05:43:57.287310,981c926cbe1a08e030175490
mmapquest.com,AVAILABILITY,origin.list,origin.list,2022-04-26 05:44:00.204189,981c926cbe1a08e030175490
mirrors.site50.net,AVAILABILITY,origin.list,origin.list,2022-04-26 05:44:01.725402,981c926cbe1a08e030175490
mmtracking.com,AVAILABILITY,origin.list,origin.list,2022-04-26 05:44:03.502823,981c926cbe1a08e030175490
microsofto.sytes.net,AVAILABILITY,origin.list,origin.list,2022-04-26 05:44:03.915973,981c926cbe1a08e030175490
mobatory.com,AVAILABILITY,origin.list,origin.list,2022-04-26 05:44:04.056613,981c926cbe1a08e030175490
mm26.com,AVAILABILITY,origin.list,origin.list,2022-04-26 05:44:06.806189,981c926cbe1a08e030175490
mobile.bitterstrawberry.org,AVAILABILITY,origin.list,origin.list,2022-04-26 05:44:07.127779,981c926cbe1a08e030175490
monetisetrk2.co.uk,AVAILABILITY,origin.list,origin.list,2022-04-26 05:44:08.467276,981c926cbe1a08e030175490
modules.wcax.com,AVAILABILITY,origin.list,origin.list,2022-04-26 05:44:08.507553,981c926cbe1a08e030175490
monetisetrk.co.uk,AVAILABILITY,origin.list,origin.list,2022-04-26 05:44:10.132294,981c926cbe1a08e030175490
monetisetrk4.co.uk,AVAILABILITY,origin.list,origin.list,2022-04-26 05:44:10.832238,981c926cbe1a08e030175490
monetisetrk3.co.uk,AVAILABILITY,origin.list,origin.list,2022-04-26 05:44:11.465075,981c926cbe1a08e030175490
monetisetrk5.co.uk,AVAILABILITY,origin.list,origin.list,2022-04-26 05:44:12.708106,981c926cbe1a08e030175490
monetisetrk6.co.uk,AVAILABILITY,origin.list,origin.list,2022-04-26 05:44:13.968871,981c926cbe1a08e030175490
monofeel.com,AVAILABILITY,origin.list,origin.list,2022-04-26 05:44:14.422129,981c926cbe1a08e030175490
morenews3.net,AVAILABILITY,origin.list,origin.list,2022-04-26 05:44:15.675679,981c926cbe1a08e030175490
ms-mvp.org,AVAILABILITY,origin.list,origin.list,2022-04-26 05:44:16.923272,981c926cbe1a08e030175490
msnsports.com,AVAILABILITY,origin.list,origin.list,2022-04-26 05:44:18.902686,981c926cbe1a08e030175490
murbil.hostei.com,AVAILABILITY,origin.list,origin.list,2022-04-26 05:44:19.562312,981c926cbe1a08e030175490
mycleanpc.com,AVAILABILITY,origin.list,origin.list,2022-04-26 05:44:22.223700,981c926cbe1a08e030175490
mydati.com,AVAILABILITY,origin.list,origin.list,2022-04-26 05:44:22.605083,981c926cbe1a08e030175490
mysearch-engine.com,AVAILABILITY,origin.list,origin.list,2022-04-26 05:44:23.382424,981c926cbe1a08e030175490
myoffers.co.uk,AVAILABILITY,origin.list,origin.list,2022-04-26 05:44:24.380157,981c926cbe1a08e030175490
mysearchweb.net,AVAILABILITY,origin.list,origin.list,2022-04-26 05:44:25.424619,981c926cbe1a08e030175490
mprptrk.com,AVAILABILITY,origin.list,origin.list,2022-04-26 05:44:25.709438,981c926cbe1a08e030175490
myshovel.com,AVAILABILITY,origin.list,origin.list,2022-04-26 05:44:27.522634,981c926cbe1a08e030175490
mytotalsearch.com,AVAILABILITY,origin.list,origin.list,2022-04-26 05:44:28.935510,981c926cbe1a08e030175490
mywebsearch.com,AVAILABILITY,origin.list,origin.list,2022-04-26 05:44:29.740058,981c926cbe1a08e030175490
n149adserv.com,AVAILABILITY,origin.list,origin.list,2022-04-26 05:44:29.784858,981c926cbe1a08e030175490
myshopmarketim.com,AVAILABILITY,origin.list,origin.list,2022-04-26 05:44:30.442011,981c926cbe1a08e030175490
nbrtrack.com,AVAILABILITY,origin.list,origin.list,2022-04-26 05:44:30.974423,981c926cbe1a08e030175490
netcscape.com,AVAILABILITY,origin.list,origin.list,2022-04-26 05:44:32.810629,981c926cbe1a08e030175490
nestscape.com,AVAILABILITY,origin.list,origin.list,2022-04-26 05:44:32.890604,981c926cbe1a08e030175490
neki.org,AVAILABILITY,origin.list,origin.list,2022-04-26 05:44:33.490789,981c926cbe1a08e030175490
netscae.com,AVAILABILITY,origin.list,origin.list,2022-04-26 05:44:34.007053,981c926cbe1a08e030175490
netmag.co.uk,AVAILABILITY,origin.list,origin.list,2022-04-26 05:44:35.904258,981c926cbe1a08e030175490
neumashop.cl,AVAILABILITY,origin.list,origin.list,2022-04-26 05:44:37.381458,981c926cbe1a08e030175490
new.chokertraffic.com,AVAILABILITY,origin.list,origin.list,2022-04-26 05:44:37.650258,981c926cbe1a08e030175490
newads.bangbros.com,AVAILABILITY,origin.list,origin.list,2022-04-26 05:44:38.462211,981c926cbe1a08e030175490
newclick.com,AVAILABILITY,origin.list,origin.list,2022-04-26 05:44:39.397972,981c926cbe1a08e030175490
newcracks.net,AVAILABILITY,origin.list,origin.list,2022-04-26 05:44:40.359550,981c926cbe1a08e030175490
nht-2.extreme-dm.com,AVAILABILITY,origin.list,origin.list,2022-04-26 05:44:40.942947,981c926cbe1a08e030175490
neyscape.com,AVAILABILITY,origin.list,origin.list,2022-04-26 05:44:43.112297,981c926cbe1a08e030175490
nht-3.extreme-dm.com,AVAILABILITY,origin.list,origin.list,2022-04-26 05:44:43.598833,981c926cbe1a08e030175490
nmapquest.com,AVAILABILITY,origin.list,origin.list,2022-04-26 05:44:44.021582,981c926cbe1a08e030175490
neweed.org,AVAILABILITY,origin.list,origin.list,2022-04-26 05:44:46.852276,981c926cbe1a08e030175490
notrecommended.co.uk,AVAILABILITY,origin.list,origin.list,2022-04-26 05:44:47.144263,981c926cbe1a08e030175490
nryb.com,AVAILABILITY,origin.list,origin.list,2022-04-26 05:44:47.288948,981c926cbe1a08e030175490
ns1.the-sinner.net,AVAILABILITY,origin.list,origin.list,2022-04-26 05:44:47.507017,981c926cbe1a08e030175490
ocpersian.com,AVAILABILITY,origin.list,origin.list,2022-04-26 05:44:52.096228,981c926cbe1a08e030175490
nsrecord.org,AVAILABILITY,origin.list,origin.list,2022-04-26 05:44:52.382039,981c926cbe1a08e030175490
obyz.de,AVAILABILITY,origin.list,origin.list,2022-04-26 05:44:52.518158,981c926cbe1a08e030175490
offlinehbpl.hbpl.co.uk,AVAILABILITY,origin.list,origin.list,2022-04-26 05:44:55.818782,981c926cbe1a08e030175490
ohiomm.com,AVAILABILITY,origin.list,origin.list,2022-04-26 05:44:57.776444,981c926cbe1a08e030175490
ns1.vicp.net,AVAILABILITY,origin.list,origin.list,2022-04-26 05:44:59.194176,981c926cbe1a08e030175490
oldgames.zp.ua,AVAILABILITY,origin.list,origin.list,2022-04-26 05:45:00.757716,981c926cbe1a08e030175490
ns2.vicp.net,AVAILABILITY,origin.list,origin.list,2022-04-26 05:45:01.155540,981c926cbe1a08e030175490
omnicleaningservices.com,AVAILABILITY,origin.list,origin.list,2022-04-26 05:45:01.790843,981c926cbe1a08e030175490
onadstracker.com,AVAILABILITY,origin.list,origin.list,2022-04-26 05:45:04.808655,981c926cbe1a08e030175490
ojolink.fr,AVAILABILITY,origin.list,origin.list,2022-04-26 05:45:06.031093,981c926cbe1a08e030175490
onclickpredictiv.com,AVAILABILITY,origin.list,origin.list,2022-04-26 05:45:06.870004,981c926cbe1a08e030175490
onlineadmin.net,AVAILABILITY,origin.list,origin.list,2022-04-26 05:45:08.153574,981c926cbe1a08e030175490
online.sh.cn,AVAILABILITY,origin.list,origin.list,2022-04-26 05:45:10.654926,981c926cbe1a08e030175490
onlinedownloads.org,AVAILABILITY,origin.list,origin.list,2022-04-26 05:45:11.548482,981c926cbe1a08e030175490
onwey.com,AVAILABILITY,origin.list,origin.list,2022-04-26 05:45:11.853736,981c926cbe1a08e030175490
onwardclick.com,AVAILABILITY,origin.list,origin.list,2022-04-26 05:45:12.077440,981c926cbe1a08e030175490
opensoftwareupdater.com,AVAILABILITY,origin.list,origin.list,2022-04-26 05:45:15.760967,981c926cbe1a08e030175490
open.oneplus.net,AVAILABILITY,origin.list,origin.list,2022-04-26 05:45:16.075622,981c926cbe1a08e030175490
opendownloadmanager.com,AVAILABILITY,origin.list,origin.list,2022-04-26 05:45:16.212754,981c926cbe1a08e030175490
opensoftwareupdate.com,AVAILABILITY,origin.list,origin.list,2022-04-26 05:45:17.342478,981c926cbe1a08e030175490
optiker-michelmann.de,AVAILABILITY,origin.list,origin.list,2022-04-26 05:45:20.387632,981c926cbe1a08e030175490
optimization-methods.com,AVAILABILITY,origin.list,origin.list,2022-04-26 05:45:21.041395,981c926cbe1a08e030175490
orange.salesmanago.pl,AVAILABILITY,origin.list,origin.list,2022-04-26 05:45:22.014914,981c926cbe1a08e030175490
oofun.com,AVAILABILITY,origin.list,origin.list,2022-04-26 05:45:22.337034,981c926cbe1a08e030175490
oreware.com,AVAILABILITY,origin.list,origin.list,2022-04-26 05:45:24.078990,981c926cbe1a08e030175490
other.xxxcounter.com,AVAILABILITY,origin.list,origin.list,2022-04-26 05:45:26.342081,981c926cbe1a08e030175490
otherossettlement.com,AVAILABILITY,origin.list,origin.list,2022-04-26 05:45:26.922733,981c926cbe1a08e030175490
oriceline.com,AVAILABILITY,origin.list,origin.list,2022-04-26 05:45:26.943271,981c926cbe1a08e030175490
out-lok.hpage.com,AVAILABILITY,origin.list,origin.list,2022-04-26 05:45:27.536824,981c926cbe1a08e030175490
overlay.ringtonematcher.com,AVAILABILITY,origin.list,origin.list,2022-04-26 05:45:30.343697,981c926cbe1a08e030175490
p.ato.mx,AVAILABILITY,origin.list,origin.list,2022-04-26 05:45:31.508655,981c926cbe1a08e030175490
pager.site50.net,AVAILABILITY,origin.list,origin.list,2022-04-26 05:45:31.985834,981c926cbe1a08e030175490
paime.com,AVAILABILITY,origin.list,origin.list,2022-04-26 05:45:32.205772,981c926cbe1a08e030175490
palmebi.popunder.ru,AVAILABILITY,origin.list,origin.list,2022-04-26 05:45:36.972907,981c926cbe1a08e030175490
parking.parklogic.com,AVAILABILITY,origin.list,origin.list,2022-04-26 05:45:37.149306,981c926cbe1a08e030175490
paraskov.com,AVAILABILITY,origin.list,origin.list,2022-04-26 05:45:37.461357,981c926cbe1a08e030175490
pamoran.net,AVAILABILITY,origin.list,origin.list,2022-04-26 05:45:37.725930,981c926cbe1a08e030175490
orbiyz.com,AVAILABILITY,origin.list,origin.list,2022-04-26 05:45:37.985955,981c926cbe1a08e030175490
pastie.org,AVAILABILITY,origin.list,origin.list,2022-04-26 05:45:41.605929,981c926cbe1a08e030175490
payn.me,AVAILABILITY,origin.list,origin.list,2022-04-26 05:45:42.187179,981c926cbe1a08e030175490
paypal-exchange.com,AVAILABILITY,origin.list,origin.list,2022-04-26 05:45:43.442560,981c926cbe1a08e030175490
partners.xhamster.com,AVAILABILITY,origin.list,origin.list,2022-04-26 05:45:43.597894,981c926cbe1a08e030175490
paypalcz.cz,AVAILABILITY,origin.list,origin.list,2022-04-26 05:45:45.392912,981c926cbe1a08e030175490
pc-wallpapers.co.uk,AVAILABILITY,origin.list,origin.list,2022-04-26 05:45:46.139159,981c926cbe1a08e030175490
pcash.imlive.com,AVAILABILITY,origin.list,origin.list,2022-04-26 05:45:48.107737,981c926cbe1a08e030175490
payperclickadvertising.org.uk,AVAILABILITY,origin.list,origin.list,2022-04-26 05:45:48.252162,981c926cbe1a08e030175490
pcbutts1.ourtoolbar.com,AVAILABILITY,origin.list,origin.list,2022-04-26 05:45:49.416296,981c926cbe1a08e030175490
pccleaner.com,AVAILABILITY,origin.list,origin.list,2022-04-26 05:45:49.757296,981c926cbe1a08e030175490
pcbutts1.software.informer.com,AVAILABILITY,origin.list,origin.list,2022-04-26 05:45:51.110471,981c926cbe1a08e030175490
pcmatic.com,AVAILABILITY,origin.list,origin.list,2022-04-26 05:45:53.977329,981c926cbe1a08e030175490
pccleanerpro.com,AVAILABILITY,origin.list,origin.list,2022-04-26 05:45:54.028567,981c926cbe1a08e030175490
pcmightymax.net,AVAILABILITY,origin.list,origin.list,2022-04-26 05:45:54.413909,981c926cbe1a08e030175490
pcpitstop.com,AVAILABILITY,origin.list,origin.list,2022-04-26 05:45:55.242520,981c926cbe1a08e030175490
pcregistrycleaner.com,AVAILABILITY,origin.list,origin.list,2022-04-26 05:45:56.716849,981c926cbe1a08e030175490
pcsecurityshield.com,AVAILABILITY,origin.list,origin.list,2022-04-26 05:45:59.152372,981c926cbe1a08e030175490
peiceline.com,AVAILABILITY,origin.list,origin.list,2022-04-26 05:45:59.559910,981c926cbe1a08e030175490
penwithian.co.uk,AVAILABILITY,origin.list,origin.list,2022-04-26 05:46:01.088190,981c926cbe1a08e030175490
petrafashion.com,AVAILABILITY,origin.list,origin.list,2022-04-26 05:46:01.188228,981c926cbe1a08e030175490
penix.nl,AVAILABILITY,origin.list,origin.list,2022-04-26 05:46:02.491441,981c926cbe1a08e030175490
pfaltzgraf.com,AVAILABILITY,origin.list,origin.list,2022-04-26 05:46:06.055159,981c926cbe1a08e030175490
php4you.biz,AVAILABILITY,origin.list,origin.list,2022-04-26 05:46:07.000132,981c926cbe1a08e030175490
pfcuay.o-f.com,AVAILABILITY,origin.list,origin.list,2022-04-26 05:46:07.142274,981c926cbe1a08e030175490
petrenko.biz,AVAILABILITY,origin.list,origin.list,2022-04-26 05:46:07.459458,981c926cbe1a08e030175490
pgalvaoteles.pt,AVAILABILITY,origin.list,origin.list,2022-04-26 05:46:10.875144,981c926cbe1a08e030175490
pixel.keywee.co,AVAILABILITY,origin.list,origin.list,2022-04-26 05:46:12.494800,981c926cbe1a08e030175490
pissingteengirlsfreemovies.blogbugs.org,AVAILABILITY,origin.list,origin.list,2022-04-26 05:46:15.124130,981c926cbe1a08e030175490
pixelbox.uimserv.net,AVAILABILITY,origin.list,origin.list,2022-04-26 05:46:16.190255,981c926cbe1a08e030175490
pixelcounter.elmundo.es,AVAILABILITY,origin.list,origin.list,2022-04-26 05:46:19.157125,981c926cbe1a08e030175490
pixelcounter.marca.com,AVAILABILITY,origin.list,origin.list,2022-04-26 05:46:19.507307,981c926cbe1a08e030175490
pkpojhc.com,AVAILABILITY,origin.list,origin.list,2022-04-26 05:46:20.726183,981c926cbe1a08e030175490
pixel.adsniper.ru,AVAILABILITY,origin.list,origin.list,2022-04-26 05:46:23.226336,981c926cbe1a08e030175490
pl.yumenetworks.com,AVAILABILITY,origin.list,origin.list,2022-04-26 05:46:24.727638,981c926cbe1a08e030175490
playerassist.com,AVAILABILITY,origin.list,origin.list,2022-04-26 05:46:26.270287,981c926cbe1a08e030175490
playersaid.com,AVAILABILITY,origin.list,origin.list,2022-04-26 05:46:29.116801,981c926cbe1a08e030175490
pillsmoney.com,AVAILABILITY,origin.list,origin.list,2022-04-26 05:46:30.411052,981c926cbe1a08e030175490
playgril.com,AVAILABILITY,origin.list,origin.list,2022-04-26 05:46:31.590032,981c926cbe1a08e030175490
play.videosongplayer.com,AVAILABILITY,origin.list,origin.list,2022-04-26 05:46:34.888088,981c926cbe1a08e030175490
player.movenetworks.com,AVAILABILITY,origin.list,origin.list,2022-04-26 05:46:35.633289,981c926cbe1a08e030175490
playsataion.com,AVAILABILITY,origin.list,origin.list,2022-04-26 05:46:36.033977,981c926cbe1a08e030175490
playstatation.com,AVAILABILITY,origin.list,origin.list,2022-04-26 05:46:36.200739,981c926cbe1a08e030175490
plumsoftware.co.uk,AVAILABILITY,origin.list,origin.list,2022-04-26 05:46:39.942932,981c926cbe1a08e030175490
pokemonporno.com,AVAILABILITY,origin.list,origin.list,2022-04-26 05:46:41.424383,981c926cbe1a08e030175490
podzemi.myotis.info,AVAILABILITY,origin.list,origin.list,2022-04-26 05:46:42.386113,981c926cbe1a08e030175490
poker.cm,AVAILABILITY,origin.list,origin.list,2022-04-26 05:46:42.433101,981c926cbe1a08e030175490
poppers-rush.ru,AVAILABILITY,origin.list,origin.list,2022-04-26 05:46:44.319335,981c926cbe1a08e030175490
pluginx.perfectgonzo.com,AVAILABILITY,origin.list,origin.list,2022-04-26 05:46:45.719738,981c926cbe1a08e030175490
popunder.ru,AVAILABILITY,origin.list,origin.list,2022-04-26 05:46:47.917686,981c926cbe1a08e030175490
port.bg,AVAILABILITY,origin.list,origin.list,2022-04-26 05:46:48.698320,981c926cbe1a08e030175490
pp.lp4.io,AVAILABILITY,origin.list,origin.list,2022-04-26 05:46:49.511673,981c926cbe1a08e030175490
praceline.com,AVAILABILITY,origin.list,origin.list,2022-04-26 05:46:52.202313,981c926cbe1a08e030175490
predictivesearch.com,AVAILABILITY,origin.list,origin.list,2022-04-26 05:46:53.820559,981c926cbe1a08e030175490
premiumpedia.com,AVAILABILITY,origin.list,origin.list,2022-04-26 05:46:53.926332,981c926cbe1a08e030175490
popunder.fpctraffic.com,AVAILABILITY,origin.list,origin.list,2022-04-26 05:46:56.349225,981c926cbe1a08e030175490
priiceline.com,AVAILABILITY,origin.list,origin.list,2022-04-26 05:46:57.290401,981c926cbe1a08e030175490
primosearch.com,AVAILABILITY,origin.list,origin.list,2022-04-26 05:46:58.143465,981c926cbe1a08e030175490
print.khingtracking.com,AVAILABILITY,origin.list,origin.list,2022-04-26 05:46:59.791845,981c926cbe1a08e030175490
pro.clanweb.cz,AVAILABILITY,origin.list,origin.list,2022-04-26 05:47:03.291943,981c926cbe1a08e030175490
promo.awempire.com,AVAILABILITY,origin.list,origin.list,2022-04-26 05:47:03.582821,981c926cbe1a08e030175490
promo.cams.com,AVAILABILITY,origin.list,origin.list,2022-04-26 05:47:06.843568,981c926cbe1a08e030175490
promo.lonelywifehookup.com,AVAILABILITY,origin.list,origin.list,2022-04-26 05:47:08.847928,981c926cbe1a08e030175490
privdog.com,AVAILABILITY,origin.list,origin.list,2022-04-26 05:47:09.184476,981c926cbe1a08e030175490
promo.passioncams.com,AVAILABILITY,origin.list,origin.list,2022-04-26 05:47:11.760653,981c926cbe1a08e030175490
progettocrea.org,AVAILABILITY,origin.list,origin.list,2022-04-26 05:47:12.606765,981c926cbe1a08e030175490
promo.twistyscash.com,AVAILABILITY,origin.list,origin.list,2022-04-26 05:47:13.809107,981c926cbe1a08e030175490
promo.ulust.com,AVAILABILITY,origin.list,origin.list,2022-04-26 05:47:14.637708,981c926cbe1a08e030175490
promos.camsoda.com,AVAILABILITY,origin.list,origin.list,2022-04-26 05:47:16.828039,981c926cbe1a08e030175490
promo.clickcash.com,AVAILABILITY,origin.list,origin.list,2022-04-26 05:47:18.235552,981c926cbe1a08e030175490
promotools.islive.nl,AVAILABILITY,origin.list,origin.list,2022-04-26 05:47:19.248720,981c926cbe1a08e030175490
promotools.vpscash.nl,AVAILABILITY,origin.list,origin.list,2022-04-26 05:47:20.914744,981c926cbe1a08e030175490
prorodeosportmed.com,AVAILABILITY,origin.list,origin.list,2022-04-26 05:47:22.859039,981c926cbe1a08e030175490
prriceline.com,AVAILABILITY,origin.list,origin.list,2022-04-26 05:47:23.712908,981c926cbe1a08e030175490
protect.advancedcleaner.com,AVAILABILITY,origin.list,origin.list,2022-04-26 05:47:23.805175,981c926cbe1a08e030175490
ps.ns-cdn.com,AVAILABILITY,origin.list,origin.list,2022-04-26 05:47:25.683020,981c926cbe1a08e030175490
promos.naked.com,AVAILABILITY,origin.list,origin.list,2022-04-26 05:47:26.953593,981c926cbe1a08e030175490
ps7894.com,AVAILABILITY,origin.list,origin.list,2022-04-26 05:47:27.112889,981c926cbe1a08e030175490
pumpkin.co.uk,AVAILABILITY,origin.list,origin.list,2022-04-26 05:47:28.377716,981c926cbe1a08e030175490
puroclean.com,AVAILABILITY,origin.list,origin.list,2022-04-26 05:47:29.001237,981c926cbe1a08e030175490
pub.sv2.biz,AVAILABILITY,origin.list,origin.list,2022-04-26 05:47:30.911588,981c926cbe1a08e030175490
pxlgnpgecom-a.akamaihd.net,AVAILABILITY,origin.list,origin.list,2022-04-26 05:47:32.741529,981c926cbe1a08e030175490
qikdownloads.com,AVAILABILITY,origin.list,origin.list,2022-04-26 05:47:33.121055,981c926cbe1a08e030175490
quad-cleaner.com,AVAILABILITY,origin.list,origin.list,2022-04-26 05:47:34.374969,981c926cbe1a08e030175490
px24.com,AVAILABILITY,origin.list,origin.list,2022-04-26 05:47:34.962612,981c926cbe1a08e030175490
pwp.netcabo.pt,AVAILABILITY,origin.list,origin.list,2022-04-26 05:47:35.361119,981c926cbe1a08e030175490
quickcreditscore.co.uk,AVAILABILITY,origin.list,origin.list,2022-04-26 05:47:38.371966,981c926cbe1a08e030175490
qualityindustrialcoatings.com,AVAILABILITY,origin.list,origin.list,2022-04-26 05:47:38.570867,981c926cbe1a08e030175490
qwas0.trackvoluum.com,AVAILABILITY,origin.list,origin.list,2022-04-26 05:47:40.056061,981c926cbe1a08e030175490
qwebirc.swiftirc.net,AVAILABILITY,origin.list,origin.list,2022-04-26 05:47:41.162920,981c926cbe1a08e030175490
raskrutka.ucoz.com,AVAILABILITY,origin.list,origin.list,2022-04-26 05:47:42.544729,981c926cbe1a08e030175490
rat-on-subway.mhwang.com,AVAILABILITY,origin.list,origin.list,2022-04-26 05:47:43.842502,981c926cbe1a08e030175490
rapsubs.popunder.ru,AVAILABILITY,origin.list,origin.list,2022-04-26 05:47:44.432280,981c926cbe1a08e030175490
ratemodels.net,AVAILABILITY,origin.list,origin.list,2022-04-26 05:47:46.504013,981c926cbe1a08e030175490
rd-direct.com,AVAILABILITY,origin.list,origin.list,2022-04-26 05:47:47.069651,981c926cbe1a08e030175490
quinnwealth.com,AVAILABILITY,origin.list,origin.list,2022-04-26 05:47:48.672450,981c926cbe1a08e030175490
redirect.site50.net,AVAILABILITY,origin.list,origin.list,2022-04-26 05:47:48.793246,981c926cbe1a08e030175490
redirects.coldhardcash.com,AVAILABILITY,origin.list,origin.list,2022-04-26 05:47:50.481467,981c926cbe1a08e030175490
registry-clean-up.net,AVAILABILITY,origin.list,origin.list,2022-04-26 05:47:53.349767,981c926cbe1a08e030175490
registry-cleaner.net,AVAILABILITY,origin.list,origin.list,2022-04-26 05:47:53.430651,981c926cbe1a08e030175490
regdefense.com,AVAILABILITY,origin.list,origin.list,2022-04-26 05:47:54.273547,981c926cbe1a08e030175490
redhotchilli.co.uk,AVAILABILITY,origin.list,origin.list,2022-04-26 05:47:57.225820,981c926cbe1a08e030175490
registry-cleaners-compared.com,AVAILABILITY,origin.list,origin.list,2022-04-26 05:47:57.606731,981c926cbe1a08e030175490
registry-error-cleaner.com,AVAILABILITY,origin.list,origin.list,2022-04-26 05:47:57.898222,981c926cbe1a08e030175490
registrycleaner.onlinedownloads.org,AVAILABILITY,origin.list,origin.list,2022-04-26 05:48:00.688637,981c926cbe1a08e030175490
registrycleanerfree.blogspot.com,AVAILABILITY,origin.list,origin.list,2022-04-26 05:48:01.296300,981c926cbe1a08e030175490
registrycleanerforvista.com,AVAILABILITY,origin.list,origin.list,2022-04-26 05:48:01.955372,981c926cbe1a08e030175490
registrycleanersreviewed.com,AVAILABILITY,origin.list,origin.list,2022-04-26 05:48:02.014338,981c926cbe1a08e030175490
registrycleanertechnology.com,AVAILABILITY,origin.list,origin.list,2022-04-26 05:48:05.403689,981c926cbe1a08e030175490
registrydefender.com,AVAILABILITY,origin.list,origin.list,2022-04-26 05:48:05.912378,981c926cbe1a08e030175490
registryfix.com,AVAILABILITY,origin.list,origin.list,2022-04-26 05:48:06.335160,981c926cbe1a08e030175490
registrycleanertop.com,AVAILABILITY,origin.list,origin.list,2022-04-26 05:48:06.592054,981c926cbe1a08e030175490
registrysweeper.com,AVAILABILITY,origin.list,origin.list,2022-04-26 05:48:08.705501,981c926cbe1a08e030175490
removearrest.com,AVAILABILITY,origin.list,origin.list,2022-04-26 05:48:09.749141,981c926cbe1a08e030175490
relaxsearch.uphero.com,AVAILABILITY,origin.list,origin.list,2022-04-26 05:48:10.146672,981c926cbe1a08e030175490
reducelnk.com,AVAILABILITY,origin.list,origin.list,2022-04-26 05:48:10.417306,981c926cbe1a08e030175490
reports.extreme-dm.com,AVAILABILITY,origin.list,origin.list,2022-04-26 05:48:13.050288,981c926cbe1a08e030175490
rewardszoneusa.com,AVAILABILITY,origin.list,origin.list,2022-04-26 05:48:13.745958,981c926cbe1a08e030175490
restore-pc.com,AVAILABILITY,origin.list,origin.list,2022-04-26 05:48:14.306717,981c926cbe1a08e030175490
rickparty.com,AVAILABILITY,origin.list,origin.list,2022-04-26 05:48:17.310378,981c926cbe1a08e030175490
ribcagebags.com,AVAILABILITY,origin.list,origin.list,2022-04-26 05:48:17.446432,981c926cbe1a08e030175490
ringtonematcher.com,AVAILABILITY,origin.list,origin.list,2022-04-26 05:48:18.841789,981c926cbe1a08e030175490
rivasearchpage.com,AVAILABILITY,origin.list,origin.list,2022-04-26 05:48:21.478280,981c926cbe1a08e030175490
robtopol.in,AVAILABILITY,origin.list,origin.list,2022-04-26 05:48:23.766277,981c926cbe1a08e030175490
rentfromart.com,AVAILABILITY,origin.list,origin.list,2022-04-26 05:48:24.517571,981c926cbe1a08e030175490
rokus-tgy.hu,AVAILABILITY,origin.list,origin.list,2022-04-26 05:48:24.641543,981c926cbe1a08e030175490
rewardsnow.co.uk,AVAILABILITY,origin.list,origin.list,2022-04-26 05:48:24.967603,981c926cbe1a08e030175490
root--servers.org,AVAILABILITY,origin.list,origin.list,2022-04-26 05:48:28.138149,981c926cbe1a08e030175490
rpc.ant.com,AVAILABILITY,origin.list,origin.list,2022-04-26 05:48:28.678531,981c926cbe1a08e030175490
rowanmclean.com,AVAILABILITY,origin.list,origin.list,2022-04-26 05:48:29.077939,981c926cbe1a08e030175490
rngetek.com,AVAILABILITY,origin.list,origin.list,2022-04-26 05:48:31.844448,981c926cbe1a08e030175490
rubanners.com,AVAILABILITY,origin.list,origin.list,2022-04-26 05:48:32.974188,981c926cbe1a08e030175490
ruclicks.com,AVAILABILITY,origin.list,origin.list,2022-04-26 05:48:33.725176,981c926cbe1a08e030175490
s.admathhd.com,AVAILABILITY,origin.list,origin.list,2022-04-26 05:48:34.312339,981c926cbe1a08e030175490
rubiks.ca,AVAILABILITY,origin.list,origin.list,2022-04-26 05:48:35.129648,981c926cbe1a08e030175490
s.adnxtr.com,AVAILABILITY,origin.list,origin.list,2022-04-26 05:48:36.658754,981c926cbe1a08e030175490
s.arclk.net,AVAILABILITY,origin.list,origin.list,2022-04-26 05:48:36.719755,981c926cbe1a08e030175490
s.ato.mx,AVAILABILITY,origin.list,origin.list,2022-04-26 05:48:36.966285,981c926cbe1a08e030175490
rsc.scmspain.com,AVAILABILITY,origin.list,origin.list,2022-04-26 05:48:37.735433,981c926cbe1a08e030175490
sacredphoenix.com,AVAILABILITY,origin.list,origin.list,2022-04-26 05:48:38.676423,981c926cbe1a08e030175490
safemobilelink.com,AVAILABILITY,origin.list,origin.list,2022-04-26 05:48:39.643188,981c926cbe1a08e030175490
