idna_subject,checker_type,destination,source,tested_at
11163221-517901.c.adprotect.net,AVAILABILITY,origin.list,/home/runner/work/add.Risk_git_FadeMind/add.Risk_git_FadeMind/origin.list,2021-01-14 00:52:25.812788
4.androidislamic.com,AVAILABILITY,origin.list,/home/runner/work/add.Risk_git_FadeMind/add.Risk_git_FadeMind/origin.list,2021-01-14 00:53:52.103030
4.collecorvino.org,AVAILABILITY,origin.list,/home/runner/work/add.Risk_git_FadeMind/add.Risk_git_FadeMind/origin.list,2021-01-14 00:54:11.984861
4.whereinitaly.com,AVAILABILITY,origin.list,/home/runner/work/add.Risk_git_FadeMind/add.Risk_git_FadeMind/origin.list,2021-01-14 00:54:28.582434
4.whereinlazio.com,AVAILABILITY,origin.list,/home/runner/work/add.Risk_git_FadeMind/add.Risk_git_FadeMind/origin.list,2021-01-14 00:54:34.813490
4.whereinmilan.com,AVAILABILITY,origin.list,/home/runner/work/add.Risk_git_FadeMind/add.Risk_git_FadeMind/origin.list,2021-01-14 00:54:51.293352
4.whereinpuglia.com,AVAILABILITY,origin.list,/home/runner/work/add.Risk_git_FadeMind/add.Risk_git_FadeMind/origin.list,2021-01-14 00:55:07.909479
4.whereinsicily.com,AVAILABILITY,origin.list,/home/runner/work/add.Risk_git_FadeMind/add.Risk_git_FadeMind/origin.list,2021-01-14 00:55:24.235906
6.mamaswishes.com,AVAILABILITY,origin.list,/home/runner/work/add.Risk_git_FadeMind/add.Risk_git_FadeMind/origin.list,2021-01-14 00:56:13.149689
ad3.hornymatches.com,AVAILABILITY,origin.list,/home/runner/work/add.Risk_git_FadeMind/add.Risk_git_FadeMind/origin.list,2021-01-14 00:57:36.228927
adcmtd.mac-torrent-download.net,AVAILABILITY,origin.list,/home/runner/work/add.Risk_git_FadeMind/add.Risk_git_FadeMind/origin.list,2021-01-14 00:58:14.611084
adserve.cpmba.se,AVAILABILITY,origin.list,/home/runner/work/add.Risk_git_FadeMind/add.Risk_git_FadeMind/origin.list,2021-01-14 00:58:57.728382
ad.slutload.com,AVAILABILITY,origin.list,/home/runner/work/add.Risk_git_FadeMind/add.Risk_git_FadeMind/origin.list,2021-01-14 00:59:15.069775
ads.wikipartes.com,AVAILABILITY,origin.list,/home/runner/work/add.Risk_git_FadeMind/add.Risk_git_FadeMind/origin.list,2021-01-14 00:59:40.521071
advancedsoftwaresupport.com,AVAILABILITY,origin.list,/home/runner/work/add.Risk_git_FadeMind/add.Risk_git_FadeMind/origin.list,2021-01-14 01:00:09.887504
adweb1.hornymatches.com,AVAILABILITY,origin.list,/home/runner/work/add.Risk_git_FadeMind/add.Risk_git_FadeMind/origin.list,2021-01-14 01:00:24.770091
aff.naughtyconnect.com,AVAILABILITY,origin.list,/home/runner/work/add.Risk_git_FadeMind/add.Risk_git_FadeMind/origin.list,2021-01-14 01:00:59.347664
aitsngnuu.angelcities.com,AVAILABILITY,origin.list,/home/runner/work/add.Risk_git_FadeMind/add.Risk_git_FadeMind/origin.list,2021-01-14 01:02:47.709166
alibabaslots.com,AVAILABILITY,origin.list,/home/runner/work/add.Risk_git_FadeMind/add.Risk_git_FadeMind/origin.list,2021-01-14 01:03:10.665401
amazing-offers.co.il,AVAILABILITY,origin.list,/home/runner/work/add.Risk_git_FadeMind/add.Risk_git_FadeMind/origin.list,2021-01-14 01:03:33.727799
arecio.work,AVAILABILITY,origin.list,/home/runner/work/add.Risk_git_FadeMind/add.Risk_git_FadeMind/origin.list,2021-01-14 01:06:01.206163
atofilms.com,AVAILABILITY,origin.list,/home/runner/work/add.Risk_git_FadeMind/add.Risk_git_FadeMind/origin.list,2021-01-14 01:06:39.145548
ayada.zapto.org,AVAILABILITY,origin.list,/home/runner/work/add.Risk_git_FadeMind/add.Risk_git_FadeMind/origin.list,2021-01-14 01:07:24.314308
ayehcleaners.com,AVAILABILITY,origin.list,/home/runner/work/add.Risk_git_FadeMind/add.Risk_git_FadeMind/origin.list,2021-01-14 01:07:30.448914
a.zeroredirect.com,AVAILABILITY,origin.list,/home/runner/work/add.Risk_git_FadeMind/add.Risk_git_FadeMind/origin.list,2021-01-14 01:07:58.707334
banners.leadingedgecash.com,AVAILABILITY,origin.list,/home/runner/work/add.Risk_git_FadeMind/add.Risk_git_FadeMind/origin.list,2021-01-14 01:09:19.665376
banner.tonygpoker.com,AVAILABILITY,origin.list,/home/runner/work/add.Risk_git_FadeMind/add.Risk_git_FadeMind/origin.list,2021-01-14 01:10:46.985404
bbcdn.code.new.smartcontext.pl,AVAILABILITY,origin.list,/home/runner/work/add.Risk_git_FadeMind/add.Risk_git_FadeMind/origin.list,2021-01-14 01:11:14.689189
bluemountain2.com,AVAILABILITY,origin.list,/home/runner/work/add.Risk_git_FadeMind/add.Risk_git_FadeMind/origin.list,2021-01-14 04:52:06.149233
bonzbuddy.com,AVAILABILITY,origin.list,/home/runner/work/add.Risk_git_FadeMind/add.Risk_git_FadeMind/origin.list,2021-01-14 04:52:31.471544
bonzibuddi.com,AVAILABILITY,origin.list,/home/runner/work/add.Risk_git_FadeMind/add.Risk_git_FadeMind/origin.list,2021-01-14 04:52:37.561759
bseaqmi.angelcities.com,AVAILABILITY,origin.list,/home/runner/work/add.Risk_git_FadeMind/add.Risk_git_FadeMind/origin.list,2021-01-14 04:54:35.570047
b.zeroredirect.com,AVAILABILITY,origin.list,/home/runner/work/add.Risk_git_FadeMind/add.Risk_git_FadeMind/origin.list,2021-01-14 08:52:16.039751
bbs.bjchun.com,AVAILABILITY,origin.list,/home/runner/work/add.Risk_git_FadeMind/add.Risk_git_FadeMind/origin.list,2021-01-16 04:48:28.828258
campamento.queenscamp.com,AVAILABILITY,origin.list,/home/runner/work/add.Risk_git_FadeMind/add.Risk_git_FadeMind/origin.list,2021-01-16 12:44:47.685918
cdn.advancedmactools.com,AVAILABILITY,origin.list,/home/runner/work/add.Risk_git_FadeMind/add.Risk_git_FadeMind/origin.list,2021-01-19 12:54:44.652918
cdn.opensubcontent.com,AVAILABILITY,origin.list,/home/runner/work/add.Risk_git_FadeMind/add.Risk_git_FadeMind/origin.list,2021-01-19 12:54:55.553760
chat2.livechatinc.com,AVAILABILITY,origin.list,/home/runner/work/add.Risk_git_FadeMind/add.Risk_git_FadeMind/origin.list,2021-01-19 12:55:30.981797
click.dealshark.com,AVAILABILITY,origin.list,/home/runner/work/add.Risk_git_FadeMind/add.Risk_git_FadeMind/origin.list,2021-01-19 12:57:58.940130
click.zeroclickdirect.com,AVAILABILITY,origin.list,/home/runner/work/add.Risk_git_FadeMind/add.Risk_git_FadeMind/origin.list,2021-01-19 12:58:46.955245
coding.1100011.ir,AVAILABILITY,origin.list,/home/runner/work/add.Risk_git_FadeMind/add.Risk_git_FadeMind/origin.list,2021-01-19 12:59:54.828331
collectiable.com,AVAILABILITY,origin.list,/home/runner/work/add.Risk_git_FadeMind/add.Risk_git_FadeMind/origin.list,2021-01-19 13:00:07.520489
compactiongames.gameaholic.com,AVAILABILITY,origin.list,/home/runner/work/add.Risk_git_FadeMind/add.Risk_git_FadeMind/origin.list,2021-01-19 13:00:52.952808
continentialairline.com,AVAILABILITY,origin.list,/home/runner/work/add.Risk_git_FadeMind/add.Risk_git_FadeMind/origin.list,2021-01-19 13:01:12.165597
contniental.com,AVAILABILITY,origin.list,/home/runner/work/add.Risk_git_FadeMind/add.Risk_git_FadeMind/origin.list,2021-01-19 13:01:18.344132
counter.top.dating.lt,AVAILABILITY,origin.list,/home/runner/work/add.Risk_git_FadeMind/add.Risk_git_FadeMind/origin.list,2021-01-19 13:02:55.229525
cpaclickoffer.com,AVAILABILITY,origin.list,/home/runner/work/add.Risk_git_FadeMind/add.Risk_git_FadeMind/origin.list,2021-01-19 13:03:01.363060
c.pioneeringad.com,AVAILABILITY,origin.list,/home/runner/work/add.Risk_git_FadeMind/add.Risk_git_FadeMind/origin.list,2021-01-19 13:03:14.688110
cuoujvfi.angelcities.com,AVAILABILITY,origin.list,/home/runner/work/add.Risk_git_FadeMind/add.Risk_git_FadeMind/origin.list,2021-01-19 13:05:32.561583
c.zeroredirect.com,AVAILABILITY,origin.list,/home/runner/work/add.Risk_git_FadeMind/add.Risk_git_FadeMind/origin.list,2021-01-19 13:06:40.454736
directhackerz.tk,AVAILABILITY,origin.list,/home/runner/work/add.Risk_git_FadeMind/add.Risk_git_FadeMind/origin.list,2021-01-19 13:07:19.015187
dlldlldll.sytes.net,AVAILABILITY,origin.list,/home/runner/work/add.Risk_git_FadeMind/add.Risk_git_FadeMind/origin.list,2021-01-19 13:08:10.199697
doda.redirectme.net,AVAILABILITY,origin.list,/home/runner/work/add.Risk_git_FadeMind/add.Risk_git_FadeMind/origin.list,2021-01-19 13:08:24.427887
dqxaszsk.angelcities.com,AVAILABILITY,origin.list,/home/runner/work/add.Risk_git_FadeMind/add.Risk_git_FadeMind/origin.list,2021-01-19 13:11:49.218303
d.tds.adlabs.ru,AVAILABILITY,origin.list,/home/runner/work/add.Risk_git_FadeMind/add.Risk_git_FadeMind/origin.list,2021-01-19 13:15:24.248627
d.zeroredirect.com,AVAILABILITY,origin.list,/home/runner/work/add.Risk_git_FadeMind/add.Risk_git_FadeMind/origin.list,2021-01-19 13:15:51.568460
eclean.or.kr,AVAILABILITY,origin.list,/home/runner/work/add.Risk_git_FadeMind/add.Risk_git_FadeMind/origin.list,2021-01-19 13:16:40.767109
egoldenglove.com,AVAILABILITY,origin.list,/home/runner/work/add.Risk_git_FadeMind/add.Risk_git_FadeMind/origin.list,2021-01-19 13:17:17.323110
err.000webhost.com,AVAILABILITY,origin.list,/home/runner/work/add.Risk_git_FadeMind/add.Risk_git_FadeMind/origin.list,2021-01-19 13:17:51.269320
e.zeroredirect.com,AVAILABILITY,origin.list,/home/runner/work/add.Risk_git_FadeMind/add.Risk_git_FadeMind/origin.list,2021-01-19 13:18:58.817674
fecabook.redirectme.net,AVAILABILITY,origin.list,/home/runner/work/add.Risk_git_FadeMind/add.Risk_git_FadeMind/origin.list,2021-01-19 13:19:59.718643
ficcionaliza.angelcities.com,AVAILABILITY,origin.list,/home/runner/work/add.Risk_git_FadeMind/add.Risk_git_FadeMind/origin.list,2021-01-19 13:21:38.347626
finders.hopto.org,AVAILABILITY,origin.list,/home/runner/work/add.Risk_git_FadeMind/add.Risk_git_FadeMind/origin.list,2021-01-19 13:22:10.041199
fkooaee.angelcities.com,AVAILABILITY,origin.list,/home/runner/work/add.Risk_git_FadeMind/add.Risk_git_FadeMind/origin.list,2021-01-19 13:23:40.688260
ftp.flyfishusa.com,AVAILABILITY,origin.list,/home/runner/work/add.Risk_git_FadeMind/add.Risk_git_FadeMind/origin.list,2021-01-19 13:25:19.658283
f.zeroredirect.com,AVAILABILITY,origin.list,/home/runner/work/add.Risk_git_FadeMind/add.Risk_git_FadeMind/origin.list,2021-01-19 13:25:59.885073
gbanners.hornymatches.com,AVAILABILITY,origin.list,/home/runner/work/add.Risk_git_FadeMind/add.Risk_git_FadeMind/origin.list,2021-01-19 13:26:55.845963
g.zeroredirect.com,AVAILABILITY,origin.list,/home/runner/work/add.Risk_git_FadeMind/add.Risk_git_FadeMind/origin.list,2021-01-19 13:29:40.643201
haartezenglish.redirectme.net,AVAILABILITY,origin.list,/home/runner/work/add.Risk_git_FadeMind/add.Risk_git_FadeMind/origin.list,2021-01-19 13:29:54.287616
hackairtel.tk,AVAILABILITY,origin.list,/home/runner/work/add.Risk_git_FadeMind/add.Risk_git_FadeMind/origin.list,2021-01-19 13:30:02.199209
handlerhackz.tk,AVAILABILITY,origin.list,/home/runner/work/add.Risk_git_FadeMind/add.Risk_git_FadeMind/origin.list,2021-01-19 13:30:31.492151
hapjes-maken.eu,AVAILABILITY,origin.list,/home/runner/work/add.Risk_git_FadeMind/add.Risk_git_FadeMind/origin.list,2021-01-19 13:30:44.279666
havijrat.zapto.org,AVAILABILITY,origin.list,/home/runner/work/add.Risk_git_FadeMind/add.Risk_git_FadeMind/origin.list,2021-01-19 13:30:57.994199
hira.hopto.org,AVAILABILITY,origin.list,/home/runner/work/add.Risk_git_FadeMind/add.Risk_git_FadeMind/origin.list,2021-01-19 13:31:37.800167
hitwastedgarden.com,AVAILABILITY,origin.list,/home/runner/work/add.Risk_git_FadeMind/add.Risk_git_FadeMind/origin.list,2021-01-19 13:31:47.175053
h.zeroredirect.com,AVAILABILITY,origin.list,/home/runner/work/add.Risk_git_FadeMind/add.Risk_git_FadeMind/origin.list,2021-01-19 13:33:03.920326
ias.avidmedia.net,AVAILABILITY,origin.list,/home/runner/work/add.Risk_git_FadeMind/add.Risk_git_FadeMind/origin.list,2021-01-19 13:36:13.397594
images.brainfox.com,AVAILABILITY,origin.list,/home/runner/work/add.Risk_git_FadeMind/add.Risk_git_FadeMind/origin.list,2021-01-19 13:37:15.685287
infospace.tk,AVAILABILITY,origin.list,/home/runner/work/add.Risk_git_FadeMind/add.Risk_git_FadeMind/origin.list,2021-01-19 13:37:45.155292
interyield.jmp9.com,AVAILABILITY,origin.list,/home/runner/work/add.Risk_git_FadeMind/add.Risk_git_FadeMind/origin.list,2021-01-19 13:38:32.269337
i.trkjmp.com,AVAILABILITY,origin.list,/home/runner/work/add.Risk_git_FadeMind/add.Risk_git_FadeMind/origin.list,2021-01-19 13:38:52.179885
itunesdownloadstore.com,AVAILABILITY,origin.list,/home/runner/work/add.Risk_git_FadeMind/add.Risk_git_FadeMind/origin.list,2021-01-19 13:38:58.487558
i.zeroredirect.com,AVAILABILITY,origin.list,/home/runner/work/add.Risk_git_FadeMind/add.Risk_git_FadeMind/origin.list,2021-01-19 13:39:17.798559
japanmadchen.com,AVAILABILITY,origin.list,/home/runner/work/add.Risk_git_FadeMind/add.Risk_git_FadeMind/origin.list,2021-01-19 13:39:31.310431
j.pioneeringad.com,AVAILABILITY,origin.list,/home/runner/work/add.Risk_git_FadeMind/add.Risk_git_FadeMind/origin.list,2021-01-19 13:40:26.420669
jque.net,AVAILABILITY,origin.list,/home/runner/work/add.Risk_git_FadeMind/add.Risk_git_FadeMind/origin.list,2021-01-19 13:40:32.541885
js.coinisrsdelivery.com,AVAILABILITY,origin.list,/home/runner/work/add.Risk_git_FadeMind/add.Risk_git_FadeMind/origin.list,2021-01-19 13:40:58.662993
j.theadsnet.com,AVAILABILITY,origin.list,/home/runner/work/add.Risk_git_FadeMind/add.Risk_git_FadeMind/origin.list,2021-01-19 13:42:00.514442
juedische-kammerphilharmonie.de,AVAILABILITY,origin.list,/home/runner/work/add.Risk_git_FadeMind/add.Risk_git_FadeMind/origin.list,2021-01-19 13:42:24.181420
j.zeroredirect.com,AVAILABILITY,origin.list,/home/runner/work/add.Risk_git_FadeMind/add.Risk_git_FadeMind/origin.list,2021-01-19 13:42:50.602630
jzrvquay.angelcities.com,AVAILABILITY,origin.list,/home/runner/work/add.Risk_git_FadeMind/add.Risk_git_FadeMind/origin.list,2021-01-19 13:44:06.392279
ka.bar.need2find.com,AVAILABILITY,origin.list,/home/runner/work/add.Risk_git_FadeMind/add.Risk_git_FadeMind/origin.list,2021-01-19 13:44:15.818725
kosdyvore.angelcities.com,AVAILABILITY,origin.list,/home/runner/work/add.Risk_git_FadeMind/add.Risk_git_FadeMind/origin.list,2021-01-19 13:46:17.894858
kvvijrmu.angelcities.com,AVAILABILITY,origin.list,/home/runner/work/add.Risk_git_FadeMind/add.Risk_git_FadeMind/origin.list,2021-01-19 13:47:42.154941
k.zeroredirect.com,AVAILABILITY,origin.list,/home/runner/work/add.Risk_git_FadeMind/add.Risk_git_FadeMind/origin.list,2021-01-19 13:48:08.551177
lateecapes.com,AVAILABILITY,origin.list,/home/runner/work/add.Risk_git_FadeMind/add.Risk_git_FadeMind/origin.list,2021-01-19 13:48:28.280298
lcbcad.co.uk,AVAILABILITY,origin.list,/home/runner/work/add.Risk_git_FadeMind/add.Risk_git_FadeMind/origin.list,2021-01-19 13:48:35.025184
lefos.net,AVAILABILITY,origin.list,/home/runner/work/add.Risk_git_FadeMind/add.Risk_git_FadeMind/origin.list,2021-01-19 13:48:49.424577
lennoxcollections.com,AVAILABILITY,origin.list,/home/runner/work/add.Risk_git_FadeMind/add.Risk_git_FadeMind/origin.list,2021-01-19 13:48:58.918944
liders.biz,AVAILABILITY,origin.list,/home/runner/work/add.Risk_git_FadeMind/add.Risk_git_FadeMind/origin.list,2021-01-19 13:49:15.123091
lifeeverest.com,AVAILABILITY,origin.list,/home/runner/work/add.Risk_git_FadeMind/add.Risk_git_FadeMind/origin.list,2021-01-19 13:49:21.202694
lilian.redirectme.net,AVAILABILITY,origin.list,/home/runner/work/add.Risk_git_FadeMind/add.Risk_git_FadeMind/origin.list,2021-01-19 13:49:27.283538
littlesturgisrally.com,AVAILABILITY,origin.list,/home/runner/work/add.Risk_git_FadeMind/add.Risk_git_FadeMind/origin.list,2021-01-19 13:49:54.566764
llaredlrgn.angelcities.com,AVAILABILITY,origin.list,/home/runner/work/add.Risk_git_FadeMind/add.Risk_git_FadeMind/origin.list,2021-01-19 13:51:32.009948
luesojz.angelcities.com,AVAILABILITY,origin.list,/home/runner/work/add.Risk_git_FadeMind/add.Risk_git_FadeMind/origin.list,2021-01-19 13:53:27.571464
lycosgamesville.com,AVAILABILITY,origin.list,/home/runner/work/add.Risk_git_FadeMind/add.Risk_git_FadeMind/origin.list,2021-01-19 13:53:47.555418
l.zeroredirect.com,AVAILABILITY,origin.list,/home/runner/work/add.Risk_git_FadeMind/add.Risk_git_FadeMind/origin.list,2021-01-19 13:54:05.754265
m57ku6sm.com,AVAILABILITY,origin.list,/home/runner/work/add.Risk_git_FadeMind/add.Risk_git_FadeMind/origin.list,2021-01-19 14:12:23.462253
maconbraves.com,AVAILABILITY,origin.list,/home/runner/work/add.Risk_git_FadeMind/add.Risk_git_FadeMind/origin.list,2021-01-19 14:12:36.143243
mal-ware-domain-list-2.tinker.pureleads.sendori.com,AVAILABILITY,origin.list,/home/runner/work/add.Risk_git_FadeMind/add.Risk_git_FadeMind/origin.list,2021-01-19 14:13:17.508641
marketing-internet-solution.naix.pureleads.sendori.com,AVAILABILITY,origin.list,/home/runner/work/add.Risk_git_FadeMind/add.Risk_git_FadeMind/origin.list,2021-01-19 14:13:50.650463
maryscott.angelcities.com,AVAILABILITY,origin.list,/home/runner/work/add.Risk_git_FadeMind/add.Risk_git_FadeMind/origin.list,2021-01-19 14:15:20.427833
minigameplanet.com,AVAILABILITY,origin.list,/home/runner/work/add.Risk_git_FadeMind/add.Risk_git_FadeMind/origin.list,2021-01-19 14:16:52.752136
mlpoint.pt,AVAILABILITY,origin.list,/home/runner/work/add.Risk_git_FadeMind/add.Risk_git_FadeMind/origin.list,2021-01-19 14:17:17.956016
monofeel.com,AVAILABILITY,origin.list,/home/runner/work/add.Risk_git_FadeMind/add.Risk_git_FadeMind/origin.list,2021-01-19 14:18:15.025299
mrace.hopto.org,AVAILABILITY,origin.list,/home/runner/work/add.Risk_git_FadeMind/add.Risk_git_FadeMind/origin.list,2021-01-19 14:18:34.247965
my-pc-cleaner.org,AVAILABILITY,origin.list,/home/runner/work/add.Risk_git_FadeMind/add.Risk_git_FadeMind/origin.list,2021-01-19 14:19:25.550582
m.zeroredirect.com,AVAILABILITY,origin.list,/home/runner/work/add.Risk_git_FadeMind/add.Risk_git_FadeMind/origin.list,2021-01-19 14:20:04.376806
n149adserv.com,AVAILABILITY,origin.list,/home/runner/work/add.Risk_git_FadeMind/add.Risk_git_FadeMind/origin.list,2021-01-19 14:20:10.509423
naijahacklord.tk,AVAILABILITY,origin.list,/home/runner/work/add.Risk_git_FadeMind/add.Risk_git_FadeMind/origin.list,2021-01-19 14:20:25.692949
noredirecto.redirectme.net,AVAILABILITY,origin.list,/home/runner/work/add.Risk_git_FadeMind/add.Risk_git_FadeMind/origin.list,2021-01-19 14:21:38.052227
nourteenthp.angelcities.com,AVAILABILITY,origin.list,/home/runner/work/add.Risk_git_FadeMind/add.Risk_git_FadeMind/origin.list,2021-01-19 14:22:57.069906
ns1.ntkrnlpa.info,AVAILABILITY,origin.list,/home/runner/work/add.Risk_git_FadeMind/add.Risk_git_FadeMind/origin.list,2021-01-19 14:23:06.774347
ns2.ntkrnlpa.info,AVAILABILITY,origin.list,/home/runner/work/add.Risk_git_FadeMind/add.Risk_git_FadeMind/origin.list,2021-01-19 14:23:34.066478
ns3.ishosting.net,AVAILABILITY,origin.list,/home/runner/work/add.Risk_git_FadeMind/add.Risk_git_FadeMind/origin.list,2021-01-19 14:23:49.446446
n.zeroredirect.com,AVAILABILITY,origin.list,/home/runner/work/add.Risk_git_FadeMind/add.Risk_git_FadeMind/origin.list,2021-01-19 14:24:14.509904
ojtobu.angelcities.com,AVAILABILITY,origin.list,/home/runner/work/add.Risk_git_FadeMind/add.Risk_git_FadeMind/origin.list,2021-01-19 14:25:48.696609
oneund.ru,AVAILABILITY,origin.list,/home/runner/work/add.Risk_git_FadeMind/add.Risk_git_FadeMind/origin.list,2021-01-19 14:26:12.296705
oovqsvi.angelcities.com,AVAILABILITY,origin.list,/home/runner/work/add.Risk_git_FadeMind/add.Risk_git_FadeMind/origin.list,2021-01-19 14:27:47.767576
orango.redirectme.net,AVAILABILITY,origin.list,/home/runner/work/add.Risk_git_FadeMind/add.Risk_git_FadeMind/origin.list,2021-01-19 14:28:20.359596
owpuuzea.angelcities.com,AVAILABILITY,origin.list,/home/runner/work/add.Risk_git_FadeMind/add.Risk_git_FadeMind/origin.list,2021-01-19 14:30:02.416626
o.zeroredirect.com,AVAILABILITY,origin.list,/home/runner/work/add.Risk_git_FadeMind/add.Risk_git_FadeMind/origin.list,2021-01-19 14:30:20.814398
pc-detox.com,AVAILABILITY,origin.list,/home/runner/work/add.Risk_git_FadeMind/add.Risk_git_FadeMind/origin.list,2021-01-19 14:37:04.700727
p.zeroredirect.com,AVAILABILITY,origin.list,/home/runner/work/add.Risk_git_FadeMind/add.Risk_git_FadeMind/origin.list,2021-01-19 14:42:57.623258
qacupuzute.angelcities.com,AVAILABILITY,origin.list,/home/runner/work/add.Risk_git_FadeMind/add.Risk_git_FadeMind/origin.list,2021-01-19 14:44:18.428444
q.zeroredirect.com,AVAILABILITY,origin.list,/home/runner/work/add.Risk_git_FadeMind/add.Risk_git_FadeMind/origin.list,2021-01-19 14:45:02.884912
qzip.cjb.net,AVAILABILITY,origin.list,/home/runner/work/add.Risk_git_FadeMind/add.Risk_git_FadeMind/origin.list,2021-01-19 14:45:09.048883
rahulthehacker.tk,AVAILABILITY,origin.list,/home/runner/work/add.Risk_git_FadeMind/add.Risk_git_FadeMind/origin.list,2021-01-19 14:45:17.156816
redirectlnk.redirectme.net,AVAILABILITY,origin.list,/home/runner/work/add.Risk_git_FadeMind/add.Risk_git_FadeMind/origin.list,2021-01-19 14:45:47.975807
searchatomic.com,AVAILABILITY,origin.list,/home/runner/work/add.Risk_git_FadeMind/add.Risk_git_FadeMind/origin.list,2021-01-19 14:50:14.852588
search.brainfox.com,AVAILABILITY,origin.list,/home/runner/work/add.Risk_git_FadeMind/add.Risk_git_FadeMind/origin.list,2021-01-19 14:50:20.959164
sevenstars7.com,AVAILABILITY,origin.list,/home/runner/work/add.Risk_git_FadeMind/add.Risk_git_FadeMind/origin.list,2021-01-19 14:52:59.681079
ships.zapto.org,AVAILABILITY,origin.list,/home/runner/work/add.Risk_git_FadeMind/add.Risk_git_FadeMind/origin.list,2021-01-19 14:53:09.102037
site.falconbucks.com,AVAILABILITY,origin.list,/home/runner/work/add.Risk_git_FadeMind/add.Risk_git_FadeMind/origin.list,2021-01-19 14:53:41.993620
stignita.zapto.org,AVAILABILITY,origin.list,/home/runner/work/add.Risk_git_FadeMind/add.Risk_git_FadeMind/origin.list,2021-01-19 15:04:10.674294
stressx.org,AVAILABILITY,origin.list,/home/runner/work/add.Risk_git_FadeMind/add.Risk_git_FadeMind/origin.list,2021-01-19 15:04:20.489191
suscotrk.com,AVAILABILITY,origin.list,/home/runner/work/add.Risk_git_FadeMind/add.Risk_git_FadeMind/origin.list,2021-01-19 15:04:38.176996
s.zeroredirect.com,AVAILABILITY,origin.list,/home/runner/work/add.Risk_git_FadeMind/add.Risk_git_FadeMind/origin.list,2021-01-19 15:05:13.011900
theads.me,AVAILABILITY,origin.list,/home/runner/work/add.Risk_git_FadeMind/add.Risk_git_FadeMind/origin.list,2021-01-19 15:06:46.968183
themillionaireinpjs.net,AVAILABILITY,origin.list,/home/runner/work/add.Risk_git_FadeMind/add.Risk_git_FadeMind/origin.list,2021-01-19 15:07:07.282196
thenewupdatee.redirectme.net,AVAILABILITY,origin.list,/home/runner/work/add.Risk_git_FadeMind/add.Risk_git_FadeMind/origin.list,2021-01-19 15:07:13.327352
top.dating.lt,AVAILABILITY,origin.list,/home/runner/work/add.Risk_git_FadeMind/add.Risk_git_FadeMind/origin.list,2021-01-19 15:09:37.698694
torgi.kz,AVAILABILITY,origin.list,/home/runner/work/add.Risk_git_FadeMind/add.Risk_git_FadeMind/origin.list,2021-01-19 15:09:49.993409
triggers1.wfxtriggers.com,AVAILABILITY,origin.list,/home/runner/work/add.Risk_git_FadeMind/add.Risk_git_FadeMind/origin.list,2021-01-19 15:12:10.009974
trk.simply.net,AVAILABILITY,origin.list,/home/runner/work/add.Risk_git_FadeMind/add.Risk_git_FadeMind/origin.list,2021-01-19 15:12:36.620622
tttbbbttt.zapto.org,AVAILABILITY,origin.list,/home/runner/work/add.Risk_git_FadeMind/add.Risk_git_FadeMind/origin.list,2021-01-19 15:13:04.647914
ttt.fwq101.tk,AVAILABILITY,origin.list,/home/runner/work/add.Risk_git_FadeMind/add.Risk_git_FadeMind/origin.list,2021-01-19 15:13:13.295880
tuckows.com,AVAILABILITY,origin.list,/home/runner/work/add.Risk_git_FadeMind/add.Risk_git_FadeMind/origin.list,2021-01-19 15:18:56.053242
t.zeroredirect.com,AVAILABILITY,origin.list,/home/runner/work/add.Risk_git_FadeMind/add.Risk_git_FadeMind/origin.list,2021-01-19 15:19:24.091117
ualumphuoldi.angelcities.com,AVAILABILITY,origin.list,/home/runner/work/add.Risk_git_FadeMind/add.Risk_git_FadeMind/origin.list,2021-01-19 15:20:53.258063
uoaofgqu.angelcities.com,AVAILABILITY,origin.list,/home/runner/work/add.Risk_git_FadeMind/add.Risk_git_FadeMind/origin.list,2021-01-19 15:22:37.071777
uojamcse.angelcities.com,AVAILABILITY,origin.list,/home/runner/work/add.Risk_git_FadeMind/add.Risk_git_FadeMind/origin.list,2021-01-19 15:23:52.847573
upproar.com,AVAILABILITY,origin.list,/home/runner/work/add.Risk_git_FadeMind/add.Risk_git_FadeMind/origin.list,2021-01-19 15:24:24.858355
urchman11.zapto.org,AVAILABILITY,origin.list,/home/runner/work/add.Risk_git_FadeMind/add.Risk_git_FadeMind/origin.list,2021-01-19 15:24:37.555923
www2.leadingedgecash.com,AVAILABILITY,origin.list,/home/runner/work/add.Risk_git_FadeMind/add.Risk_git_FadeMind/origin.list,2021-01-19 15:30:18.830918
www.acezsoftware.com,AVAILABILITY,origin.list,/home/runner/work/add.Risk_git_FadeMind/add.Risk_git_FadeMind/origin.list,2021-01-19 15:32:14.184777
www.adclickservice.com,AVAILABILITY,origin.list,/home/runner/work/add.Risk_git_FadeMind/add.Risk_git_FadeMind/origin.list,2021-01-19 15:32:39.796854
www.adforati.com,AVAILABILITY,origin.list,/home/runner/work/add.Risk_git_FadeMind/add.Risk_git_FadeMind/origin.list,2021-01-19 15:32:53.958749
www.advancedmactools.com,AVAILABILITY,origin.list,/home/runner/work/add.Risk_git_FadeMind/add.Risk_git_FadeMind/origin.list,2021-01-19 15:33:43.183252
www.advancedsoftwaresupport.com,AVAILABILITY,origin.list,/home/runner/work/add.Risk_git_FadeMind/add.Risk_git_FadeMind/origin.list,2021-01-19 15:33:49.329052
www.amazing-offers.co.il,AVAILABILITY,origin.list,/home/runner/work/add.Risk_git_FadeMind/add.Risk_git_FadeMind/origin.list,2021-01-19 15:35:15.379008
www.auto-overview.com,AVAILABILITY,origin.list,/home/runner/work/add.Risk_git_FadeMind/add.Risk_git_FadeMind/origin.list,2021-01-19 15:40:14.072006
www.av-clean.com,AVAILABILITY,origin.list,/home/runner/work/add.Risk_git_FadeMind/add.Risk_git_FadeMind/origin.list,2021-01-19 15:40:19.907947
www.ayehcleaners.com,AVAILABILITY,origin.list,/home/runner/work/add.Risk_git_FadeMind/add.Risk_git_FadeMind/origin.list,2021-01-19 15:40:39.181392
wwwbackstreetboys.com,AVAILABILITY,origin.list,/home/runner/work/add.Risk_git_FadeMind/add.Risk_git_FadeMind/origin.list,2021-01-19 15:40:45.313283
www.bdsmtours.com,AVAILABILITY,origin.list,/home/runner/work/add.Risk_git_FadeMind/add.Risk_git_FadeMind/origin.list,2021-01-19 15:41:23.284044
www.bestwm.info,AVAILABILITY,origin.list,/home/runner/work/add.Risk_git_FadeMind/add.Risk_git_FadeMind/origin.list,2021-01-19 15:41:52.692658
www.beyondwhois.com,AVAILABILITY,origin.list,/home/runner/work/add.Risk_git_FadeMind/add.Risk_git_FadeMind/origin.list,2021-01-19 15:42:00.144005
www.bluemountain2.com,AVAILABILITY,origin.list,/home/runner/work/add.Risk_git_FadeMind/add.Risk_git_FadeMind/origin.list,2021-01-19 15:43:12.463051
wwwbluemoutain.com,AVAILABILITY,origin.list,/home/runner/work/add.Risk_git_FadeMind/add.Risk_git_FadeMind/origin.list,2021-01-19 15:43:21.815281
www.butterfly-media.co.uk,AVAILABILITY,origin.list,/home/runner/work/add.Risk_git_FadeMind/add.Risk_git_FadeMind/origin.list,2021-01-19 15:44:00.635910
wwwcareerpath.com,AVAILABILITY,origin.list,/home/runner/work/add.Risk_git_FadeMind/add.Risk_git_FadeMind/origin.list,2021-01-19 15:44:53.506572
www.ccp14.ac.uk,AVAILABILITY,origin.list,/home/runner/work/add.Risk_git_FadeMind/add.Risk_git_FadeMind/origin.list,2021-01-19 15:45:25.732721
www.cecash.com,AVAILABILITY,origin.list,/home/runner/work/add.Risk_git_FadeMind/add.Risk_git_FadeMind/origin.list,2021-01-19 15:45:41.319557
www.ceskarepublika.net,AVAILABILITY,origin.list,/home/runner/work/add.Risk_git_FadeMind/add.Risk_git_FadeMind/origin.list,2021-01-19 15:46:12.630945
www.cheapstickets.com,AVAILABILITY,origin.list,/home/runner/work/add.Risk_git_FadeMind/add.Risk_git_FadeMind/origin.list,2021-01-19 15:47:22.833466
www.cheaptickests.com,AVAILABILITY,origin.list,/home/runner/work/add.Risk_git_FadeMind/add.Risk_git_FadeMind/origin.list,2021-01-19 15:48:23.151926
www.cheapticketes.com,AVAILABILITY,origin.list,/home/runner/work/add.Risk_git_FadeMind/add.Risk_git_FadeMind/origin.list,2021-01-19 15:49:23.438268
www.cheapticketsinc.com,AVAILABILITY,origin.list,/home/runner/work/add.Risk_git_FadeMind/add.Risk_git_FadeMind/origin.list,2021-01-19 15:50:27.082648
www.cheapticketts.com,AVAILABILITY,origin.list,/home/runner/work/add.Risk_git_FadeMind/add.Risk_git_FadeMind/origin.list,2021-01-19 15:51:27.638225
www.cheapticktes.com,AVAILABILITY,origin.list,/home/runner/work/add.Risk_git_FadeMind/add.Risk_git_FadeMind/origin.list,2021-01-19 15:52:27.871074
www.chlcotrk.com,AVAILABILITY,origin.list,/home/runner/work/add.Risk_git_FadeMind/add.Risk_git_FadeMind/origin.list,2021-01-19 15:52:47.421555
www.cleanup-your-computer.com,AVAILABILITY,origin.list,/home/runner/work/add.Risk_git_FadeMind/add.Risk_git_FadeMind/origin.list,2021-01-19 15:53:57.707374
www.clearshieldredirect.com,AVAILABILITY,origin.list,/home/runner/work/add.Risk_git_FadeMind/add.Risk_git_FadeMind/origin.list,2021-01-19 15:54:03.804031
www.collectiable.com,AVAILABILITY,origin.list,/home/runner/work/add.Risk_git_FadeMind/add.Risk_git_FadeMind/origin.list,2021-01-19 15:55:36.866695
www.cybilling.com,AVAILABILITY,origin.list,/home/runner/work/add.Risk_git_FadeMind/add.Risk_git_FadeMind/origin.list,2021-01-19 15:59:03.800532
www.dentairemalin.com,AVAILABILITY,origin.list,/home/runner/work/add.Risk_git_FadeMind/add.Risk_git_FadeMind/origin.list,2021-01-19 15:59:36.389902
wwwdiynet.com,AVAILABILITY,origin.list,/home/runner/work/add.Risk_git_FadeMind/add.Risk_git_FadeMind/origin.list,2021-01-19 16:00:37.819702
www.dollarrentcar.com,AVAILABILITY,origin.list,/home/runner/work/add.Risk_git_FadeMind/add.Risk_git_FadeMind/origin.list,2021-01-19 16:01:03.098634
www.dowdenphotography.com,AVAILABILITY,origin.list,/home/runner/work/add.Risk_git_FadeMind/add.Risk_git_FadeMind/origin.list,2021-01-19 16:01:25.059720
www.downloads-whatsapp.com,AVAILABILITY,origin.list,/home/runner/work/add.Risk_git_FadeMind/add.Risk_git_FadeMind/origin.list,2021-01-19 16:01:34.675639
www.eclean.or.kr,AVAILABILITY,origin.list,/home/runner/work/add.Risk_git_FadeMind/add.Risk_git_FadeMind/origin.list,2021-01-19 16:02:18.042987
www.egoldenglove.com,AVAILABILITY,origin.list,/home/runner/work/add.Risk_git_FadeMind/add.Risk_git_FadeMind/origin.list,2021-01-19 16:02:48.333928
www.elisaart.it,AVAILABILITY,origin.list,/home/runner/work/add.Risk_git_FadeMind/add.Risk_git_FadeMind/origin.list,2021-01-19 16:03:06.372991
www.enoratraffic.com,AVAILABILITY,origin.list,/home/runner/work/add.Risk_git_FadeMind/add.Risk_git_FadeMind/origin.list,2021-01-19 16:03:20.797867
www.facebook.realtorarcf.com,AVAILABILITY,origin.list,/home/runner/work/add.Risk_git_FadeMind/add.Risk_git_FadeMind/origin.list,2021-01-19 16:04:32.266457
www.fastdownload10.com,AVAILABILITY,origin.list,/home/runner/work/add.Risk_git_FadeMind/add.Risk_git_FadeMind/origin.list,2021-01-19 16:04:42.313520
www.fastnclick.com,AVAILABILITY,origin.list,/home/runner/work/add.Risk_git_FadeMind/add.Risk_git_FadeMind/origin.list,2021-01-19 16:04:48.378097
www.full-edition.info,AVAILABILITY,origin.list,/home/runner/work/add.Risk_git_FadeMind/add.Risk_git_FadeMind/origin.list,2021-01-19 16:07:33.340751
wwwgamepro.com,AVAILABILITY,origin.list,/home/runner/work/add.Risk_git_FadeMind/add.Risk_git_FadeMind/origin.list,2021-01-19 16:08:26.837157
wwwgameshark.com,AVAILABILITY,origin.list,/home/runner/work/add.Risk_git_FadeMind/add.Risk_git_FadeMind/origin.list,2021-01-19 16:08:58.812309
www.getsearchlist.com,AVAILABILITY,origin.list,/home/runner/work/add.Risk_git_FadeMind/add.Risk_git_FadeMind/origin.list,2021-01-19 16:09:38.833813
www.googlre.com,AVAILABILITY,origin.list,/home/runner/work/add.Risk_git_FadeMind/add.Risk_git_FadeMind/origin.list,2021-01-19 16:10:22.301694
www.gratisweb.com,AVAILABILITY,origin.list,/home/runner/work/add.Risk_git_FadeMind/add.Risk_git_FadeMind/origin.list,2021-01-19 16:11:03.494961
www.gxplugin.com,AVAILABILITY,origin.list,/home/runner/work/add.Risk_git_FadeMind/add.Risk_git_FadeMind/origin.list,2021-01-19 16:11:33.681114
www.heaptickets.com,AVAILABILITY,origin.list,/home/runner/work/add.Risk_git_FadeMind/add.Risk_git_FadeMind/origin.list,2021-01-19 16:12:44.592864
www.hentaidatabase.com,AVAILABILITY,origin.list,/home/runner/work/add.Risk_git_FadeMind/add.Risk_git_FadeMind/origin.list,2021-01-19 16:12:57.692896
www.hot2015rewards.com,AVAILABILITY,origin.list,/home/runner/work/add.Risk_git_FadeMind/add.Risk_git_FadeMind/origin.list,2021-01-19 16:13:53.107222
www.itunesdownloadstore.com,AVAILABILITY,origin.list,/home/runner/work/add.Risk_git_FadeMind/add.Risk_git_FadeMind/origin.list,2021-01-19 16:15:21.949985
www.japanmadchen.com,AVAILABILITY,origin.list,/home/runner/work/add.Risk_git_FadeMind/add.Risk_git_FadeMind/origin.list,2021-01-19 16:15:37.736627
www.jmp2click.com,AVAILABILITY,origin.list,/home/runner/work/add.Risk_git_FadeMind/add.Risk_git_FadeMind/origin.list,2021-01-19 16:16:15.413706
www.jque.net,AVAILABILITY,origin.list,/home/runner/work/add.Risk_git_FadeMind/add.Risk_git_FadeMind/origin.list,2021-01-19 16:16:33.416081
www.juedische-kammerphilharmonie.de,AVAILABILITY,origin.list,/home/runner/work/add.Risk_git_FadeMind/add.Risk_git_FadeMind/origin.list,2021-01-19 16:17:16.494688
www.kipasdenim.com,AVAILABILITY,origin.list,/home/runner/work/add.Risk_git_FadeMind/add.Risk_git_FadeMind/origin.list,2021-01-19 16:20:41.863264
www.lcbcad.co.uk,AVAILABILITY,origin.list,/home/runner/work/add.Risk_git_FadeMind/add.Risk_git_FadeMind/origin.list,2021-01-19 16:21:28.961053
www.leadingedgecash.com,AVAILABILITY,origin.list,/home/runner/work/add.Risk_git_FadeMind/add.Risk_git_FadeMind/origin.list,2021-01-19 16:21:35.854464
www.lefos.net,AVAILABILITY,origin.list,/home/runner/work/add.Risk_git_FadeMind/add.Risk_git_FadeMind/origin.list,2021-01-19 16:21:42.276187
www.lycosgamesville.com,AVAILABILITY,origin.list,/home/runner/work/add.Risk_git_FadeMind/add.Risk_git_FadeMind/origin.list,2021-01-19 16:23:11.538943
www.maconbraves.com,AVAILABILITY,origin.list,/home/runner/work/add.Risk_git_FadeMind/add.Risk_git_FadeMind/origin.list,2021-01-19 16:23:34.708855
wwwmancow.com,AVAILABILITY,origin.list,/home/runner/work/add.Risk_git_FadeMind/add.Risk_git_FadeMind/origin.list,2021-01-19 16:23:58.135089
www.mapqueat.com,AVAILABILITY,origin.list,/home/runner/work/add.Risk_git_FadeMind/add.Risk_git_FadeMind/origin.list,2021-01-19 16:24:09.424380
www.mapquestt.com,AVAILABILITY,origin.list,/home/runner/work/add.Risk_git_FadeMind/add.Risk_git_FadeMind/origin.list,2021-01-19 16:24:15.650854
www.maxregistrycleaner.net,AVAILABILITY,origin.list,/home/runner/work/add.Risk_git_FadeMind/add.Risk_git_FadeMind/origin.list,2021-01-19 16:24:52.284145
www.maybankard.com.my,AVAILABILITY,origin.list,/home/runner/work/add.Risk_git_FadeMind/add.Risk_git_FadeMind/origin.list,2021-01-19 16:24:58.826649
www.mpxxtrk.com,AVAILABILITY,origin.list,/home/runner/work/add.Risk_git_FadeMind/add.Risk_git_FadeMind/origin.list,2021-01-19 16:25:10.696240
www.mycleanerpc.com,AVAILABILITY,origin.list,/home/runner/work/add.Risk_git_FadeMind/add.Risk_git_FadeMind/origin.list,2021-01-19 16:25:39.420421
www.n149adserv.com,AVAILABILITY,origin.list,/home/runner/work/add.Risk_git_FadeMind/add.Risk_git_FadeMind/origin.list,2021-01-19 16:26:27.658713
www.notrecommended.co.uk,AVAILABILITY,origin.list,/home/runner/work/add.Risk_git_FadeMind/add.Risk_git_FadeMind/origin.list,2021-01-19 16:27:33.603709
www.ocpersian.com,AVAILABILITY,origin.list,/home/runner/work/add.Risk_git_FadeMind/add.Risk_git_FadeMind/origin.list,2021-01-19 16:27:57.439666
www.oneund.ru,AVAILABILITY,origin.list,/home/runner/work/add.Risk_git_FadeMind/add.Risk_git_FadeMind/origin.list,2021-01-19 16:28:20.011432
www.onlineadmin.net,AVAILABILITY,origin.list,/home/runner/work/add.Risk_git_FadeMind/add.Risk_git_FadeMind/origin.list,2021-01-19 16:28:27.734561
www.paypal-exchange.com,AVAILABILITY,origin.list,/home/runner/work/add.Risk_git_FadeMind/add.Risk_git_FadeMind/origin.list,2021-01-19 16:28:57.902122
www.pc-detox.com,AVAILABILITY,origin.list,/home/runner/work/add.Risk_git_FadeMind/add.Risk_git_FadeMind/origin.list,2021-01-19 16:29:26.550061
www.premiumpedia.com,AVAILABILITY,origin.list,/home/runner/work/add.Risk_git_FadeMind/add.Risk_git_FadeMind/origin.list,2021-01-19 16:32:06.119542
www.quickbitsdownloads.com,AVAILABILITY,origin.list,/home/runner/work/add.Risk_git_FadeMind/add.Risk_git_FadeMind/origin.list,2021-01-19 16:33:08.725088
www.qzip.cjb.net,AVAILABILITY,origin.list,/home/runner/work/add.Risk_git_FadeMind/add.Risk_git_FadeMind/origin.list,2021-01-19 16:33:24.325131
www.ratemodels.net,AVAILABILITY,origin.list,/home/runner/work/add.Risk_git_FadeMind/add.Risk_git_FadeMind/origin.list,2021-01-19 16:34:53.361524
www.registry-cleaner.net,AVAILABILITY,origin.list,/home/runner/work/add.Risk_git_FadeMind/add.Risk_git_FadeMind/origin.list,2021-01-19 16:35:36.790541
www.registrycleanerpro.net,AVAILABILITY,origin.list,/home/runner/work/add.Risk_git_FadeMind/add.Risk_git_FadeMind/origin.list,2021-01-19 16:35:43.047545
www.robtopol.in,AVAILABILITY,origin.list,/home/runner/work/add.Risk_git_FadeMind/add.Risk_git_FadeMind/origin.list,2021-01-19 16:37:27.706051
www.scanspyware.net,AVAILABILITY,origin.list,/home/runner/work/add.Risk_git_FadeMind/add.Risk_git_FadeMind/origin.list,2021-01-19 16:41:20.231559
www.sendori.com,AVAILABILITY,origin.list,/home/runner/work/add.Risk_git_FadeMind/add.Risk_git_FadeMind/origin.list,2021-01-19 16:43:12.738964
www.sevenstars7.com,AVAILABILITY,origin.list,/home/runner/work/add.Risk_git_FadeMind/add.Risk_git_FadeMind/origin.list,2021-01-19 16:43:40.144020
www.shareaza.com,AVAILABILITY,origin.list,/home/runner/work/add.Risk_git_FadeMind/add.Risk_git_FadeMind/origin.list,2021-01-19 16:44:01.687212
www.sunidaytravel.co.uk,AVAILABILITY,origin.list,/home/runner/work/add.Risk_git_FadeMind/add.Risk_git_FadeMind/origin.list,2021-01-19 16:46:49.884443
www.suscotrk.com,AVAILABILITY,origin.list,/home/runner/work/add.Risk_git_FadeMind/add.Risk_git_FadeMind/origin.list,2021-01-19 16:47:12.971561
www.theads.me,AVAILABILITY,origin.list,/home/runner/work/add.Risk_git_FadeMind/add.Risk_git_FadeMind/origin.list,2021-01-19 16:48:19.596401
www.thebighits.com,AVAILABILITY,origin.list,/home/runner/work/add.Risk_git_FadeMind/add.Risk_git_FadeMind/origin.list,2021-01-19 16:48:31.475912
www.themillionaireinpjs.net,AVAILABILITY,origin.list,/home/runner/work/add.Risk_git_FadeMind/add.Risk_git_FadeMind/origin.list,2021-01-19 16:48:45.322761
www.torgi.kz,AVAILABILITY,origin.list,/home/runner/work/add.Risk_git_FadeMind/add.Risk_git_FadeMind/origin.list,2021-01-19 16:49:43.555805
www.travlers.com,AVAILABILITY,origin.list,/home/runner/work/add.Risk_git_FadeMind/add.Risk_git_FadeMind/origin.list,2021-01-19 16:50:58.944588
www.tuckows.com,AVAILABILITY,origin.list,/home/runner/work/add.Risk_git_FadeMind/add.Risk_git_FadeMind/origin.list,2021-01-19 16:51:34.079738
www.tzw.com,AVAILABILITY,origin.list,/home/runner/work/add.Risk_git_FadeMind/add.Risk_git_FadeMind/origin.list,2021-01-19 16:51:59.461820
www.updatesoftwaresend.com,AVAILABILITY,origin.list,/home/runner/work/add.Risk_git_FadeMind/add.Risk_git_FadeMind/origin.list,2021-01-19 16:52:41.126842
wwwuproar.com,AVAILABILITY,origin.list,/home/runner/work/add.Risk_git_FadeMind/add.Risk_git_FadeMind/origin.list,2021-01-19 16:52:52.043982
www.uprour.com,AVAILABILITY,origin.list,/home/runner/work/add.Risk_git_FadeMind/add.Risk_git_FadeMind/origin.list,2021-01-19 16:52:58.221159
www.web3000.co.uk,AVAILABILITY,origin.list,/home/runner/work/add.Risk_git_FadeMind/add.Risk_git_FadeMind/origin.list,2021-01-19 16:55:07.100653
www.wmserver.net,AVAILABILITY,origin.list,/home/runner/work/add.Risk_git_FadeMind/add.Risk_git_FadeMind/origin.list,2021-01-19 16:56:20.931879
www.wwwbackstreetboys.com,AVAILABILITY,origin.list,/home/runner/work/add.Risk_git_FadeMind/add.Risk_git_FadeMind/origin.list,2021-01-19 16:57:15.541364
www.wwwcheaptickets.com,AVAILABILITY,origin.list,/home/runner/work/add.Risk_git_FadeMind/add.Risk_git_FadeMind/origin.list,2021-01-19 16:59:16.522299
www.wwwdollar.com,AVAILABILITY,origin.list,/home/runner/work/add.Risk_git_FadeMind/add.Risk_git_FadeMind/origin.list,2021-01-19 17:02:36.488845
www.wwwgameshark.com,AVAILABILITY,origin.list,/home/runner/work/add.Risk_git_FadeMind/add.Risk_git_FadeMind/origin.list,2021-01-19 17:02:42.816966
www.wwwservicemerchandise.com,AVAILABILITY,origin.list,/home/runner/work/add.Risk_git_FadeMind/add.Risk_git_FadeMind/origin.list,2021-01-19 17:03:18.923861
www.wwwuproar.com,AVAILABILITY,origin.list,/home/runner/work/add.Risk_git_FadeMind/add.Risk_git_FadeMind/origin.list,2021-01-19 17:03:29.936766
www.xchangetrak.com,AVAILABILITY,origin.list,/home/runner/work/add.Risk_git_FadeMind/add.Risk_git_FadeMind/origin.list,2021-01-19 17:03:40.136519
www.x-diesel.biz,AVAILABILITY,origin.list,/home/runner/work/add.Risk_git_FadeMind/add.Risk_git_FadeMind/origin.list,2021-01-19 17:03:50.392554
www.x-diesel.info,AVAILABILITY,origin.list,/home/runner/work/add.Risk_git_FadeMind/add.Risk_git_FadeMind/origin.list,2021-01-19 17:04:01.388689
www.xsedu.zj.cn,AVAILABILITY,origin.list,/home/runner/work/add.Risk_git_FadeMind/add.Risk_git_FadeMind/origin.list,2021-01-19 17:04:31.937256
www.xvika.net,AVAILABILITY,origin.list,/home/runner/work/add.Risk_git_FadeMind/add.Risk_git_FadeMind/origin.list,2021-01-19 17:04:38.159604
www.xvika.org,AVAILABILITY,origin.list,/home/runner/work/add.Risk_git_FadeMind/add.Risk_git_FadeMind/origin.list,2021-01-19 17:04:53.928937
www.yourdedicatedhost.com,AVAILABILITY,origin.list,/home/runner/work/add.Risk_git_FadeMind/add.Risk_git_FadeMind/origin.list,2021-01-19 17:05:04.238823
www.zoogdiseny.com,AVAILABILITY,origin.list,/home/runner/work/add.Risk_git_FadeMind/add.Risk_git_FadeMind/origin.list,2021-01-19 17:05:50.269370
www.zoogdisny.com,AVAILABILITY,origin.list,/home/runner/work/add.Risk_git_FadeMind/add.Risk_git_FadeMind/origin.list,2021-01-19 17:05:56.415021
w.zeroredirect.com,AVAILABILITY,origin.list,/home/runner/work/add.Risk_git_FadeMind/add.Risk_git_FadeMind/origin.list,2021-01-19 17:06:36.868708
x2.xclicks.net,AVAILABILITY,origin.list,/home/runner/work/add.Risk_git_FadeMind/add.Risk_git_FadeMind/origin.list,2021-01-19 17:06:43.011747
x3.xclicks.net,AVAILABILITY,origin.list,/home/runner/work/add.Risk_git_FadeMind/add.Risk_git_FadeMind/origin.list,2021-01-19 17:06:53.992236
x4.xclicks.net,AVAILABILITY,origin.list,/home/runner/work/add.Risk_git_FadeMind/add.Risk_git_FadeMind/origin.list,2021-01-19 17:07:00.078247
x5.xclicks.net,AVAILABILITY,origin.list,/home/runner/work/add.Risk_git_FadeMind/add.Risk_git_FadeMind/origin.list,2021-01-19 17:07:06.172554
x6.xclicks.net,AVAILABILITY,origin.list,/home/runner/work/add.Risk_git_FadeMind/add.Risk_git_FadeMind/origin.list,2021-01-19 17:07:12.403617
xchangetrak.com,AVAILABILITY,origin.list,/home/runner/work/add.Risk_git_FadeMind/add.Risk_git_FadeMind/origin.list,2021-01-19 17:07:27.005796
xvika.net,AVAILABILITY,origin.list,/home/runner/work/add.Risk_git_FadeMind/add.Risk_git_FadeMind/origin.list,2021-01-19 17:08:28.692885
xvika.org,AVAILABILITY,origin.list,/home/runner/work/add.Risk_git_FadeMind/add.Risk_git_FadeMind/origin.list,2021-01-19 17:08:36.254377
xxxxxxx.hopto.org,AVAILABILITY,origin.list,/home/runner/work/add.Risk_git_FadeMind/add.Risk_git_FadeMind/origin.list,2021-01-19 17:08:47.916531
xyxudubax.angelcities.com,AVAILABILITY,origin.list,/home/runner/work/add.Risk_git_FadeMind/add.Risk_git_FadeMind/origin.list,2021-01-19 17:10:03.741430
x.zeroredirect.com,AVAILABILITY,origin.list,/home/runner/work/add.Risk_git_FadeMind/add.Risk_git_FadeMind/origin.list,2021-01-19 17:10:22.067442
ycv.clearshieldredirect.com,AVAILABILITY,origin.list,/home/runner/work/add.Risk_git_FadeMind/add.Risk_git_FadeMind/origin.list,2021-01-19 17:10:45.422328
yitkomfj.angelcities.com,AVAILABILITY,origin.list,/home/runner/work/add.Risk_git_FadeMind/add.Risk_git_FadeMind/origin.list,2021-01-19 17:12:05.307131
yk.handlerhackz.tk,AVAILABILITY,origin.list,/home/runner/work/add.Risk_git_FadeMind/add.Risk_git_FadeMind/origin.list,2021-01-19 17:12:15.096847
ylgingq.angelcities.com,AVAILABILITY,origin.list,/home/runner/work/add.Risk_git_FadeMind/add.Risk_git_FadeMind/origin.list,2021-01-19 17:13:27.931971
yvdeuwn.angelcities.com,AVAILABILITY,origin.list,/home/runner/work/add.Risk_git_FadeMind/add.Risk_git_FadeMind/origin.list,2021-01-19 17:15:01.070416
y.zeroredirect.com,AVAILABILITY,origin.list,/home/runner/work/add.Risk_git_FadeMind/add.Risk_git_FadeMind/origin.list,2021-01-19 17:15:19.479857
zooggames.com,AVAILABILITY,origin.list,/home/runner/work/add.Risk_git_FadeMind/add.Risk_git_FadeMind/origin.list,2021-01-19 17:17:43.291930
z.zeroredirect.com,AVAILABILITY,origin.list,/home/runner/work/add.Risk_git_FadeMind/add.Risk_git_FadeMind/origin.list,2021-01-19 17:18:36.744914
