subject,idna_subject,expiration_date,epoch
0iecfobt.com,0iecfobt.com,05-feb-2021,1612483200.0
1001movies.com,1001movies.com,24-jul-2021,1627084800.0
105vibe.com,105vibe.com,16-mar-2021,1615852800.0
11hour.com,11hour.com,07-dec-2021,1638835200.0
11zz.com,11zz.com,18-jun-2021,1623974400.0
123go.com,123go.com,10-oct-2021,1633824000.0
2607.cn,2607.cn,25-nov-2021,1637798400.0
302br.net,302br.net,22-jun-2022,1655856000.0
39dvd-999.com,39dvd-999.com,17-jul-2021,1626480000.0
77search.com,77search.com,28-nov-2021,1638057600.0
7metasearch.com,7metasearch.com,14-jul-2021,1626220800.0
7search.com,7search.com,25-may-2021,1621900800.0
7softwaredreams.com,7softwaredreams.com,06-jun-2021,1622937600.0
94uyvwwh.com,94uyvwwh.com,05-feb-2021,1612483200.0
abacusfinance.co.uk,abacusfinance.co.uk,26-jul-2021,1627257600.0
accidentadvicehelpline.co.uk,accidentadvicehelpline.co.uk,12-apr-2022,1649721600.0
acezsoftware.com,acezsoftware.com,14-oct-2021,1634169600.0
actrck.com,actrck.com,22-sep-2021,1632268800.0
ad-souk.com,ad-souk.com,15-aug-2021,1628985600.0
adamsfilms.com,adamsfilms.com,31-aug-2021,1630368000.0
adblockanalytics.com,adblockanalytics.com,03-feb-2021,1612310400.0
adchimp.com,adchimp.com,09-feb-2021,1612828800.0
adclickservice.com,adclickservice.com,14-sep-2021,1631577600.0
adclickthru.net,adclickthru.net,04-may-2021,1620086400.0
additcinggames.com,additcinggames.com,22-feb-2021,1613952000.0
adforati.com,adforati.com,21-may-2021,1621555200.0
adgtracker.com,adgtracker.com,24-nov-2021,1637712000.0
adlock.in,adlock.in,05-jul-2021,1625443200.0
adnetworkperformance.com,adnetworkperformance.com,27-apr-2021,1619481600.0
adobe-flashplayer.com,adobe-flashplayer.com,01-oct-2021,1633046400.0
adprotect.net,adprotect.net,07-mar-2021,1615075200.0
adtegrity.com,adtegrity.com,24-sep-2021,1632441600.0
advancedcleaner.com,advancedcleaner.com,25-mar-2021,1616630400.0
advancedmactools.com,advancedmactools.com,16-oct-2021,1634342400.0
aff12.com,aff12.com,09-dec-2021,1639008000.0
affntwklnk.com,affntwklnk.com,04-apr-2021,1617494400.0
afftrack.com,afftrack.com,17-sep-2022,1663372800.0
agstracker.com,agstracker.com,29-nov-2021,1638144000.0
aimes.com,aimes.com,01-nov-2021,1635724800.0
akirkpatrick.com,akirkpatrick.com,15-feb-2021,1613347200.0
alaksaair.com,alaksaair.com,17-aug-2021,1629158400.0
alaskaaair.com,alaskaaair.com,26-jul-2021,1627257600.0
albiondrugs.com,albiondrugs.com,09-jul-2021,1625788800.0
all-internet-security.com,all-internet-security.com,17-jan-2021,1610841600.0
allfet.info,allfet.info,18-sep-2021,1631923200.0
american-prize-center.com,american-prize-center.com,20-aug-2022,1660953600.0
analyticdns.org,analyticdns.org,07-feb-2026,1770422400.0
andr.net,andr.net,07-dec-2021,1638835200.0
anews.co.uk,anews.co.uk,05-sep-2022,1662336000.0
angelinajoliepics.com,angelinajoliepics.com,22-may-2021,1621641600.0
anglewinks.com,anglewinks.com,12-dec-2021,1639267200.0
angolotesti.it,angolotesti.it,10-jun-2021,1623283200.0
animal36.com,animal36.com,07-mar-2021,1615075200.0
animalrank.com,animalrank.com,14-jul-2021,1626220800.0
animaltoplist.com,animaltoplist.com,14-jul-2021,1626220800.0
anmira.info,anmira.info,25-may-2021,1621900800.0
ant.com,ant.com,03-jun-2024,1717372800.0
antalya.ru,antalya.ru,02-may-2021,1619913600.0
anticlown.com,anticlown.com,04-dec-2022,1670112000.0
anycracks.com,anycracks.com,02-oct-2021,1633132800.0
aproxtrack2.com,aproxtrack2.com,25-sep-2021,1632528000.0
arcadefree.com,arcadefree.com,08-nov-2021,1636329600.0
areasnap.com,areasnap.com,29-jul-2021,1627516800.0
arkinsoftware.in,arkinsoftware.in,19-jul-2021,1626652800.0
artcomix.com,artcomix.com,10-feb-2021,1612915200.0
ascentive.com,ascentive.com,01-jan-2024,1704067200.0
atinna.com,atinna.com,17-feb-2021,1613520000.0
atmovs.com,atmovs.com,02-mar-2021,1614643200.0
atousoft.com,atousoft.com,28-apr-2021,1619568000.0
auctiondirectory.org,auctiondirectory.org,27-oct-2021,1635292800.0
audia6.com,audia6.com,09-sep-2021,1631145600.0
auto-overview.com,auto-overview.com,13-feb-2021,1613174400.0
automoneygenerator.com,automoneygenerator.com,21-oct-2021,1634774400.0
autonations.com,autonations.com,27-sep-2023,1695772800.0
av-clean.com,av-clean.com,03-sep-2021,1630627200.0
avis.cm,avis.cm,17-may-2021,1621209600.0
avskype.com,avskype.com,27-sep-2021,1632700800.0
balook.com,balook.com,03-sep-2021,1630627200.0
bananarepubic.com,bananarepubic.com,31-jan-2021,1612051200.0
bannanarepublic.com,bannanarepublic.com,10-mar-2021,1615334400.0
bannerpromotion.it,bannerpromotion.it,18-jan-2021,1610928000.0
barclaysghana.org,barclaysghana.org,12-nov-2025,1762905600.0
bde3d.com,bde3d.com,11-dec-2021,1639180800.0
bdsmcompany.com,bdsmcompany.com,27-jan-2021,1611705600.0
bdsmtours.com,bdsmtours.com,11-nov-2021,1636588800.0
be-funk.com,be-funk.com,22-feb-2021,1613952000.0
beespace.com.ua,beespace.com.ua,10-jun-2021,1623283200.0
besstbuy.com,besstbuy.com,13-nov-2022,1668297600.0
bestadbid.com,bestadbid.com,10-jul-2021,1625875200.0
bestappinstalls.com,bestappinstalls.com,18-aug-2021,1629244800.0
bestsearch.com,bestsearch.com,15-dec-2021,1639526400.0
bestserials.com,bestserials.com,28-sep-2021,1632787200.0
bestwm.info,bestwm.info,27-jun-2021,1624752000.0
beyondwhois.com,beyondwhois.com,17-mar-2021,1615939200.0
bighop.com,bighop.com,24-mar-2021,1616544000.0
bigpenisguide.com,bigpenisguide.com,14-oct-2021,1634169600.0
bilbob.com,bilbob.com,09-feb-2021,1612828800.0
binadroid.com,binadroid.com,11-feb-2021,1613001600.0
bizneed.com,bizneed.com,26-dec-2021,1640476800.0
bj04.com,bj04.com,03-jun-2023,1685750400.0
blog-hits.com,blog-hits.com,22-jul-2021,1626912000.0
blogrankers.com,blogrankers.com,22-sep-2021,1632268800.0
bluemountain1.com,bluemountain1.com,11-apr-2021,1618099200.0
boattraider.com,boattraider.com,24-sep-2021,1632441600.0
bonzybuddy.com,bonzybuddy.com,13-feb-2021,1613174400.0
boostsoftware.com,boostsoftware.com,12-apr-2021,1618185600.0
bormis.com,bormis.com,29-sep-2021,1632873600.0
bracalemusic.com,bracalemusic.com,28-sep-2025,1759017600.0
brainfox.com,brainfox.com,17-jun-2021,1623888000.0
brevardmusic.com,brevardmusic.com,21-jul-2024,1721520000.0
bride1.com,bride1.com,01-apr-2021,1617235200.0
browseraccelerator.com,browseraccelerator.com,15-feb-2021,1613347200.0
buffalogoesout.com,buffalogoesout.com,21-dec-2021,1640044800.0
bugsurf.com,bugsurf.com,14-dec-2021,1639440000.0
bulgariabg.com,bulgariabg.com,25-jul-2021,1627171200.0
buyingedge.com,buyingedge.com,14-nov-2022,1668384000.0
cabeles.com,cabeles.com,27-jun-2021,1624752000.0
cadillacescalade.com,cadillacescalade.com,22-jun-2021,1624320000.0
californiastateparks.com,californiastateparks.com,21-nov-2021,1637452800.0
calworthingtonford.com,calworthingtonford.com,22-oct-2021,1634860800.0
candidography.com,candidography.com,03-mar-2021,1614729600.0
catz4.com,catz4.com,26-nov-2021,1637884800.0
caue971.org,caue971.org,17-may-2022,1652745600.0
cbtopsites.com,cbtopsites.com,17-nov-2021,1637107200.0
ccbilleu.com,ccbilleu.com,28-oct-2021,1635379200.0
cecash.com,cecash.com,10-sep-2021,1631232000.0
centerfind.com,centerfind.com,07-nov-2021,1636243200.0
centertrk.com,centertrk.com,07-oct-2022,1665100800.0
certified-toolbar.com,certified-toolbar.com,18-jan-2021,1610928000.0
ceskarepublika.net,ceskarepublika.net,06-dec-2021,1638748800.0
chaseonline.com,chaseonline.com,28-feb-2021,1614470400.0
cheapstickets.com,cheapstickets.com,19-sep-2021,1632009600.0
cheaptickests.com,cheaptickests.com,19-sep-2021,1632009600.0
cheapticketes.com,cheapticketes.com,01-oct-2021,1633046400.0
cheapticketsinc.com,cheapticketsinc.com,01-oct-2021,1633046400.0
cheapticketts.com,cheapticketts.com,12-jul-2022,1657584000.0
cheapticktes.com,cheapticktes.com,09-jul-2022,1657324800.0
chilyregistrycleaner.com,chilyregistrycleaner.com,12-sep-2021,1631404800.0
chlcotrk.com,chlcotrk.com,18-nov-2021,1637193600.0
chokertraffic.com,chokertraffic.com,09-jul-2021,1625788800.0
chuckfaganco.com,chuckfaganco.com,11-feb-2021,1613001600.0
claitors.com,claitors.com,26-jan-2023,1674691200.0
cle.kr,cle.kr,29-may-2021,1622246400.0
clean-cracks.com,clean-cracks.com,13-jul-2021,1626134400.0
clean-search.com,clean-search.com,06-dec-2021,1638748800.0
clean-space.com,clean-space.com,21-feb-2021,1613865600.0
clean-start.net,clean-start.net,09-dec-2021,1639008000.0
cleanallspyware.com,cleanallspyware.com,10-sep-2021,1631232000.0
cleanallvirus.com,cleanallvirus.com,05-apr-2021,1617580800.0
cleanersoft.com,cleanersoft.com,08-aug-2021,1628380800.0
cleanmypc.com,cleanmypc.com,17-aug-2021,1629158400.0
cleanpcnow.com,cleanpcnow.com,13-nov-2021,1636761600.0
cleanproxy.com,cleanproxy.com,02-aug-2021,1627862400.0
cleansite.us,cleansite.us,06-jun-2022,1654473600.0
cleansofts.com,cleansofts.com,03-apr-2021,1617408000.0
cleanuninstall.com,cleanuninstall.com,24-sep-2021,1632441600.0
clearshieldredirect.com,clearshieldredirect.com,26-aug-2021,1629936000.0
clickadu.com,clickadu.com,24-oct-2021,1635033600.0
clickbank.net,clickbank.net,10-jul-2021,1625875200.0
clickcash.com,clickcash.com,22-sep-2021,1632268800.0
clicksagent.com,clicksagent.com,01-nov-2021,1635724800.0
clickthruserver.com,clickthruserver.com,12-jun-2024,1718150400.0
cliop.com,cliop.com,12-mar-2021,1615507200.0
clkfeed.com,clkfeed.com,12-oct-2021,1633996800.0
clkoffers.com,clkoffers.com,06-oct-2021,1633478400.0
clksite.com,clksite.com,20-nov-2021,1637366400.0
cloudtracked.com,cloudtracked.com,28-oct-2021,1635379200.0
clxcaf.com,clxcaf.com,28-feb-2021,1614470400.0
cnbnews.com,cnbnews.com,16-mar-2022,1647388800.0
cnn.cm,cnn.cm,29-mar-2021,1616976000.0
cnnnew.com,cnnnew.com,08-oct-2021,1633651200.0
coldwellbanker.net,coldwellbanker.net,31-mar-2021,1617148800.0
columbahouse.com,columbahouse.com,05-may-2021,1620172800.0
columbianhouse.com,columbianhouse.com,19-oct-2021,1634601600.0
comairairlines.com,comairairlines.com,20-nov-2021,1637366400.0
comfz.com,comfz.com,20-oct-2021,1634688000.0
conds.ru,conds.ru,04-sep-2021,1630713600.0
conduit.com,conduit.com,21-apr-2029,1871424000.0
consumeralternatives.org,consumeralternatives.org,29-jan-2021,1611878400.0
contentcleaner.com,contentcleaner.com,07-aug-2026,1786060800.0
coolfreehost.com,coolfreehost.com,14-feb-2021,1613260800.0
coreclickhoo.com,coreclickhoo.com,31-oct-2021,1635638400.0
cpatraffictracker.com,cpatraffictracker.com,25-jun-2021,1624579200.0
crackfulldownload.com,crackfulldownload.com,09-dec-2021,1639008000.0
crackspider.net,crackspider.net,21-apr-2021,1618963200.0
cracksplanet.com,cracksplanet.com,01-apr-2021,1617235200.0
crackzplanet.com,crackzplanet.com,01-apr-2021,1617235200.0
crazyprotocol.com,crazyprotocol.com,23-jun-2021,1624406400.0
credibleartstherapies.org,credibleartstherapies.org,04-apr-2021,1617494400.0
cswilliamsburg.com,cswilliamsburg.com,07-nov-2022,1667779200.0
ctrck.com,ctrck.com,13-aug-2021,1628812800.0
cudacorp.com,cudacorp.com,29-mar-2021,1616976000.0
customersupporthelp.com,customersupporthelp.com,09-may-2021,1620518400.0
cybertown.ru,cybertown.ru,23-jul-2021,1626998400.0
cyberzine.com,cyberzine.com,11-mar-2021,1615420800.0
cybilling.com,cybilling.com,01-sep-2021,1630454400.0
dentairemalin.com,dentairemalin.com,13-aug-2021,1628812800.0
desifever.com,desifever.com,26-jan-2021,1611619200.0
digiaquascr.com,digiaquascr.com,12-aug-2021,1628726400.0
dimarsbg.com,dimarsbg.com,13-dec-2021,1639353600.0
directxex.com,directxex.com,17-jul-2021,1626480000.0
disable-uac.com,disable-uac.com,23-mar-2021,1616457600.0
distribuidoraderetentores.com.br,distribuidoraderetentores.com.br,28-aug-2021,1630108800.0
distrilamadrid.com.ar,distrilamadrid.com.ar,16-sep-2021,1631750400.0
divx.it,divx.it,07-nov-2021,1636243200.0
djsrp.com,djsrp.com,01-feb-2021,1612137600.0
doctor-alex.com,doctor-alex.com,26-apr-2021,1619395200.0
dodostats.com,dodostats.com,30-mar-2021,1617062400.0
dogpial.com,dogpial.com,18-feb-2021,1613606400.0
doheth.co.uk,doheth.co.uk,22-jun-2021,1624320000.0
dollarrentcar.com,dollarrentcar.com,14-sep-2021,1631577600.0
domainfwd.com,domainfwd.com,04-jul-2021,1625356800.0
domainfwding.com,domainfwding.com,13-may-2021,1620864000.0
dotzup.com,dotzup.com,12-aug-2021,1628726400.0
dougmlee.com,dougmlee.com,14-jun-2021,1623628800.0
dowdenphotography.com,dowdenphotography.com,04-aug-2021,1628035200.0
down1oads.com,down1oads.com,16-apr-2021,1618531200.0
downloads-whatsapp.com,downloads-whatsapp.com,16-nov-2021,1637020800.0
downloadupload.com,downloadupload.com,16-feb-2021,1613433600.0
downloadwarez.org,downloadwarez.org,02-apr-2021,1617321600.0
drivotracker.com,drivotracker.com,04-jun-2021,1622764800.0
drunkenstepfather.com,drunkenstepfather.com,14-jul-2022,1657756800.0
dualvaccine.com,dualvaccine.com,13-nov-2021,1636761600.0
duplicatefilecleaner.com,duplicatefilecleaner.com,15-feb-2021,1613347200.0
dzxcq.com,dzxcq.com,05-nov-2021,1636070400.0
dzzrenjanin.rs,dzzrenjanin.rs,05-feb-2021,1612483200.0
ebdr3.com,ebdr3.com,18-jun-2021,1623974400.0
ebertandroeper.com,ebertandroeper.com,08-nov-2021,1636329600.0
ebocornac.com,ebocornac.com,30-mar-2021,1617062400.0
ecdtrk.com,ecdtrk.com,12-jul-2021,1626048000.0
eclkspsa.com,eclkspsa.com,15-jun-2021,1623715200.0
ecpmrocks.com,ecpmrocks.com,14-feb-2021,1613260800.0
edmedsnow.com,edmedsnow.com,25-jan-2021,1611532800.0
effectivebrand.com,effectivebrand.com,19-may-2021,1621382400.0
emrlogistics.com,emrlogistics.com,12-oct-2021,1633996800.0
engelfire.com,engelfire.com,29-jan-2021,1611878400.0
enigmasoftware.com,enigmasoftware.com,02-apr-2026,1775088000.0
enoratraffic.com,enoratraffic.com,14-apr-2021,1618358400.0
epmads.com,epmads.com,13-oct-2021,1634083200.0
epmclk.com,epmclk.com,19-aug-2021,1629331200.0
equallyyolked.com,equallyyolked.com,05-oct-2021,1633392000.0
ertya.com,ertya.com,16-mar-2021,1615852800.0
etahub.com,etahub.com,10-nov-2021,1636502400.0
evaairline.com,evaairline.com,24-oct-2023,1698105600.0
everydaygays.com,everydaygays.com,06-apr-2021,1617667200.0
exactadvertising.com,exactadvertising.com,02-may-2021,1619913600.0
exacttarget.com,exacttarget.com,21-feb-2021,1613865600.0
expressaffiliatesite.com,expressaffiliatesite.com,23-nov-2021,1637625600.0
expressomatogrosso.com.br,expressomatogrosso.com.br,04-oct-2021,1633305600.0
eyes.by,eyes.by,18-jun-2021,1623974400.0
ezthemes.com,ezthemes.com,14-dec-2021,1639440000.0
fabrics-store.com,fabrics-store.com,28-sep-2025,1759017600.0
facebook.cm,facebook.cm,28-aug-2025,1756339200.0
facebookloginsignin.com,facebookloginsignin.com,13-apr-2021,1618272000.0
facebookunblocking.com,facebookunblocking.com,01-mar-2021,1614556800.0
fastdownload10.com,fastdownload10.com,17-aug-2021,1629158400.0
fastnclick.com,fastnclick.com,24-aug-2021,1629763200.0
favicon.com,favicon.com,23-apr-2021,1619136000.0
federicksofhollywood.com,federicksofhollywood.com,07-aug-2021,1628294400.0
femeedia.com,femeedia.com,17-oct-2021,1634428800.0
filefortune.com,filefortune.com,12-mar-2021,1615507200.0
findit-quick.com,findit-quick.com,13-mar-2021,1615593600.0
firstconsumers.com,firstconsumers.com,15-sep-2021,1631664000.0
fixcleaner.com,fixcleaner.com,24-oct-2021,1635033600.0
flashcasino.com,flashcasino.com,22-feb-2021,1613952000.0
flowtec.com.br,flowtec.com.br,23-oct-2021,1634947200.0
fmcurling.org,fmcurling.org,19-aug-2030,1913328000.0
foreclousure.com,foreclousure.com,11-oct-2021,1633910400.0
foreclousures.com,foreclousures.com,27-sep-2021,1632700800.0
forex-instruments.info,forex-instruments.info,03-may-2021,1620000000.0
formessengers.com,formessengers.com,04-may-2021,1620086400.0
fpcclicks.com,fpcclicks.com,24-jun-2021,1624492800.0
fqtag.com,fqtag.com,16-may-2021,1621123200.0
freebiesms.co.uk,freebiesms.co.uk,24-aug-2021,1629763200.0
freebitmoney.com,freebitmoney.com,14-feb-2021,1613260800.0
freenew.net,freenew.net,14-aug-2021,1628899200.0
freeserials.ws,freeserials.ws,07-mar-2021,1615075200.0
freewebtown.com,freewebtown.com,06-mar-2021,1614988800.0
friendlyduck.com,friendlyduck.com,23-jun-2021,1624406400.0
frtya.com,frtya.com,16-apr-2021,1618531200.0
frtyb.com,frtyb.com,16-apr-2021,1618531200.0
full-edition.info,full-edition.info,28-apr-2021,1619568000.0
fxlayer.net,fxlayer.net,25-may-2021,1621900800.0
fxstra.com,fxstra.com,28-feb-2021,1614470400.0
fyxm.net,fyxm.net,23-mar-2021,1616457600.0
gaja79.com,gaja79.com,05-nov-2021,1636070400.0
gameangel.com,gameangel.com,28-aug-2021,1630108800.0
gameatlas.com,gameatlas.com,17-aug-2021,1629158400.0
gameplaylabs.com,gameplaylabs.com,27-oct-2021,1635292800.0
gamepor.com,gamepor.com,12-apr-2021,1618185600.0
gamesfly.com,gamesfly.com,25-nov-2026,1795564800.0
gamesharck.com,gamesharck.com,16-apr-2021,1618531200.0
garudaairlines.com,garudaairlines.com,31-oct-2023,1698710400.0
gayxperience.com,gayxperience.com,11-mar-2021,1615420800.0
gen2server.com,gen2server.com,03-apr-2021,1617408000.0
generationgirls.com,generationgirls.com,28-nov-2021,1638057600.0
genforumgenealogy.com,genforumgenealogy.com,15-aug-2021,1628985600.0
get-avast.com,get-avast.com,07-feb-2021,1612656000.0
get-quadcleaner.com,get-quadcleaner.com,13-aug-2021,1628812800.0
getiton.com,getiton.com,04-may-2021,1620086400.0
getrockerbox.com,getrockerbox.com,19-mar-2021,1616112000.0
getsearchlist.com,getsearchlist.com,22-mar-2021,1616371200.0
gilvision.com,gilvision.com,27-apr-2021,1619481600.0
globalcharge.com,globalcharge.com,25-dec-2024,1735084800.0
go777site.com,go777site.com,08-apr-2021,1617840000.0
goggl.com,goggl.com,25-jan-2021,1611532800.0
google-docs.org,google-docs.org,11-jul-2021,1625961600.0
googlew.com,googlew.com,20-oct-2023,1697760000.0
googlre.com,googlre.com,09-nov-2023,1699488000.0
googlwe.com,googlwe.com,13-nov-2023,1699833600.0
goolegames.com,goolegames.com,04-apr-2021,1617494400.0
goolges.com,goolges.com,28-jan-2021,1611792000.0
gopeds.com,gopeds.com,31-oct-2021,1635638400.0
gopogle.com,gopogle.com,22-oct-2023,1697932800.0
gowin7.com,gowin7.com,29-jan-2021,1611878400.0
grabfile.co,grabfile.co,29-sep-2021,1632873600.0
gratisweb.com,gratisweb.com,20-aug-2021,1629417600.0
guaranty.com.cn,guaranty.com.cn,26-jan-2026,1769385600.0
gulf-industrial.com,gulf-industrial.com,28-feb-2021,1614470400.0
gwmtracker.com,gwmtracker.com,03-jun-2021,1622678400.0
gxplugin.com,gxplugin.com,29-may-2021,1622246400.0
h-adachi.org,h-adachi.org,02-feb-2022,1643760000.0
h21.ru,h21.ru,05-nov-2021,1636070400.0
hacking-facebook.com,hacking-facebook.com,28-sep-2021,1632787200.0
haedong.es.kr,haedong.es.kr,01-oct-2022,1664582400.0
handyarchive.com,handyarchive.com,21-apr-2021,1618963200.0
hanulsms.com,hanulsms.com,18-dec-2022,1671321600.0
harmonyhollow.net,harmonyhollow.net,31-may-2021,1622419200.0
heaptickets.com,heaptickets.com,09-jul-2022,1657324800.0
hefigo.com,hefigo.com,21-aug-2021,1629504000.0
helpmedownload.com,helpmedownload.com,20-mar-2021,1616198400.0
hentaidatabase.com,hentaidatabase.com,05-nov-2021,1636070400.0
herezera.com,herezera.com,12-oct-2021,1633996800.0
hertzsales.com,hertzsales.com,25-oct-2021,1635120000.0
hgtzz.com,hgtzz.com,28-feb-2021,1614470400.0
hidebux.com,hidebux.com,25-aug-2021,1629849600.0
historykill.com,historykill.com,22-jun-2022,1655856000.0
hnskorea.co.kr,hnskorea.co.kr,15-oct-2021,1634256000.0
hoerbird.net,hoerbird.net,03-jun-2021,1622678400.0
holika.com,holika.com,05-jul-2021,1625443200.0
homedepoy.com,homedepoy.com,15-nov-2021,1636934400.0
homrdepot.com,homrdepot.com,08-nov-2021,1636329600.0
hopto.org,hopto.org,17-feb-2021,1613520000.0
hornytraffic.com,hornytraffic.com,11-feb-2021,1613001600.0
host-it.co.uk,host-it.co.uk,19-apr-2025,1745020800.0
hot-bot.com,hot-bot.com,09-apr-2021,1617926400.0
hot2015rewards.com,hot2015rewards.com,03-feb-2021,1612310400.0
hotspotshield.com,hotspotshield.com,27-mar-2028,1837728000.0
howtocleanacomputervirus.com,howtocleanacomputervirus.com,29-mar-2021,1616976000.0
i-games.biz,i-games.biz,01-dec-2021,1638316800.0
ibmvideo.com,ibmvideo.com,13-sep-2021,1631491200.0
icityfind.com,icityfind.com,08-mar-2021,1615161600.0
icoocash.com,icoocash.com,09-oct-2021,1633737600.0
icracks.net,icracks.net,07-mar-2021,1615075200.0
ieginc.com,ieginc.com,23-apr-2021,1619136000.0
ifastnet.com,ifastnet.com,17-may-2021,1621209600.0
ilovecheating.com,ilovecheating.com,25-mar-2021,1616630400.0
imagesmovies.com,imagesmovies.com,10-dec-2021,1639094400.0
img001.com,img001.com,09-feb-2021,1612828800.0
info.com,info.com,24-nov-2021,1637712000.0
infra.by,infra.by,12-nov-2021,1636675200.0
innatek.com,innatek.com,04-jun-2021,1622764800.0
inndl.com,inndl.com,29-mar-2021,1616976000.0
installm.net,installm.net,26-oct-2021,1635206400.0
instorm.com,instorm.com,08-feb-2021,1612742400.0
intera-x.com,intera-x.com,24-sep-2021,1632441600.0
interia-ek.ru,interia-ek.ru,22-jul-2021,1626912000.0
internethistorycleaner.ws,internethistorycleaner.ws,27-mar-2021,1616803200.0
isettatech.com,isettatech.com,02-dec-2021,1638403200.0
islamipedia.org,islamipedia.org,26-sep-2021,1632614400.0
isuzi.com,isuzi.com,09-may-2021,1620518400.0
iybasketball.info,iybasketball.info,09-sep-2021,1631145600.0
iyfnzgb.com,iyfnzgb.com,06-nov-2021,1636156800.0
japanesevehicles.us,japanesevehicles.us,12-sep-2021,1631404800.0
javascriptobfuscator.com,javascriptobfuscator.com,24-sep-2021,1632441600.0
jcwhiney.com,jcwhiney.com,23-sep-2021,1632355200.0
jcwhintey.com,jcwhintey.com,23-sep-2021,1632355200.0
jcwhitey.com,jcwhitey.com,23-sep-2021,1632355200.0
jdfabrication.com,jdfabrication.com,11-nov-2022,1668124800.0
jejuskypension.com,jejuskypension.com,20-jan-2023,1674172800.0
jmp2click.com,jmp2click.com,07-aug-2021,1628294400.0
joetoons.com,joetoons.com,17-dec-2021,1639699200.0
joincreditexpert.co.uk,joincreditexpert.co.uk,09-feb-2021,1612828800.0
joinourwebsite.com,joinourwebsite.com,24-aug-2021,1629763200.0
josip-stadler.org,josip-stadler.org,03-apr-2021,1617408000.0
jsing.net,jsing.net,29-jul-2021,1627516800.0
jsonip.com,jsonip.com,09-nov-2021,1636416000.0
justredirect24.com,justredirect24.com,18-mar-2021,1616025600.0
k5zoom.com,k5zoom.com,14-may-2021,1620950400.0
kalantzis.net,kalantzis.net,03-nov-2021,1635897600.0
kazaa.com,kazaa.com,09-jun-2021,1623196800.0
kickassratios.com,kickassratios.com,28-feb-2022,1646006400.0
kipasdenim.com,kipasdenim.com,13-nov-2022,1668297600.0
kjbbc.net,kjbbc.net,01-sep-2023,1693526400.0
klikbonus.com,klikbonus.com,28-sep-2021,1632787200.0
komodia.com,komodia.com,18-mar-2024,1710720000.0
kowasaki.com,kowasaki.com,06-may-2021,1620259200.0
kwbtgame.com,kwbtgame.com,15-oct-2021,1634256000.0
laexotic.com,laexotic.com,14-nov-2021,1636848000.0
lanonna.co.uk,lanonna.co.uk,25-feb-2021,1614211200.0
lapiden.com,lapiden.com,12-apr-2025,1744416000.0
leadingedgecash.com,leadingedgecash.com,11-may-2021,1620691200.0
legendofdragoon.com,legendofdragoon.com,10-jul-2021,1625875200.0
letssearch.com,letssearch.com,09-feb-2021,1612828800.0
letzonke.com,letzonke.com,16-aug-2021,1629072000.0
libecki.net,libecki.net,19-jan-2022,1642550400.0
linconpark.com,linconpark.com,03-apr-2021,1617408000.0
linkbucks.com,linkbucks.com,02-dec-2021,1638403200.0
linkjumps.com,linkjumps.com,20-apr-2021,1618876800.0
liqwid.net,liqwid.net,14-feb-2021,1613260800.0
litec-fr.com,litec-fr.com,31-may-2021,1622419200.0
livejasmin.com,livejasmin.com,12-nov-2021,1636675200.0
lo2.me,lo2.me,30-oct-2021,1635552000.0
localh0st.info,localh0st.info,02-nov-2021,1635811200.0
lonelywifehookup.com,lonelywifehookup.com,19-jun-2021,1624060800.0
longtraffic.com,longtraffic.com,11-jun-2021,1623369600.0
lostartofbeingadame.com,lostartofbeingadame.com,20-sep-2021,1632096000.0
lottoga.com,lottoga.com,05-may-2021,1620172800.0
lufhansa.com,lufhansa.com,10-dec-2021,1639094400.0
lufthansaairlines.com,lufthansaairlines.com,29-aug-2021,1630195200.0
lufthanza.com,lufthanza.com,02-jul-2021,1625184000.0
lzjl.com,lzjl.com,15-may-2021,1621036800.0
m-99.co.uk,m-99.co.uk,11-nov-2021,1636588800.0
m1crosoft.com,m1crosoft.com,12-jun-2021,1623456000.0
maatch.com,maatch.com,01-oct-2023,1696118400.0
magellen.com,magellen.com,23-nov-2021,1637625600.0
mahindrainsurance.com,mahindrainsurance.com,17-nov-2021,1637107200.0
mainteck-fr.com,mainteck-fr.com,31-may-2021,1622419200.0
malest.com,malest.com,30-jul-2021,1627603200.0
malkm.com,malkm.com,29-jan-2021,1611878400.0
mamamidia.com,mamamidia.com,14-sep-2021,1631577600.0
mansmith.net,mansmith.net,13-jul-2021,1626134400.0
mapqueat.com,mapqueat.com,26-oct-2021,1635206400.0
mapquestt.com,mapquestt.com,18-jul-2021,1626566400.0
mapquuest.com,mapquuest.com,20-aug-2021,1629417600.0
marketingenhanced.com,marketingenhanced.com,30-oct-2021,1635552000.0
mathenea.com,mathenea.com,08-may-2021,1620432000.0
maxbounty.com,maxbounty.com,23-sep-2021,1632355200.0
maxregistrycleaner.com,maxregistrycleaner.com,14-sep-2021,1631577600.0
maxregistrycleaner.net,maxregistrycleaner.net,11-nov-2021,1636588800.0
mcleanvahomes.com,mcleanvahomes.com,16-sep-2022,1663286400.0
media-playerz.com,media-playerz.com,21-apr-2021,1618963200.0
mediaplayercodecpack.com,mediaplayercodecpack.com,18-apr-2022,1650240000.0
meetyourmessenger.co.uk,meetyourmessenger.co.uk,04-oct-2021,1633305600.0
meiluziai.info,meiluziai.info,26-jan-2021,1611619200.0
merrymilkfoods.com,merrymilkfoods.com,09-jun-2021,1623196800.0
mil-colores.com,mil-colores.com,18-sep-2021,1631923200.0
ming-dun.com.tw,ming-dun.com.tw,13-aug-2022,1660348800.0
mlinktracker.com,mlinktracker.com,02-may-2021,1619913600.0
mmapquest.com,mmapquest.com,20-aug-2021,1629417600.0
mmtracking.com,mmtracking.com,02-may-2021,1619913600.0
mobatory.com,mobatory.com,10-jul-2021,1625875200.0
monarchslo.com,monarchslo.com,26-jun-2021,1624665600.0
monetisetrk.co.uk,monetisetrk.co.uk,15-jun-2022,1655251200.0
monetisetrk2.co.uk,monetisetrk2.co.uk,22-feb-2021,1613952000.0
monetisetrk3.co.uk,monetisetrk3.co.uk,22-feb-2021,1613952000.0
monetisetrk4.co.uk,monetisetrk4.co.uk,22-feb-2021,1613952000.0
monetisetrk5.co.uk,monetisetrk5.co.uk,22-feb-2021,1613952000.0
monetisetrk6.co.uk,monetisetrk6.co.uk,17-sep-2021,1631836800.0
morenews3.net,morenews3.net,17-jun-2021,1623888000.0
mpmotrk.com,mpmotrk.com,13-aug-2021,1628812800.0
mprptrk.com,mprptrk.com,13-aug-2021,1628812800.0
mpxxtrk.com,mpxxtrk.com,13-aug-2021,1628812800.0
ms-mvp.org,ms-mvp.org,22-feb-2022,1645488000.0
msnsports.com,msnsports.com,04-jul-2021,1625356800.0
mueller-holz-bau.com,mueller-holz-bau.com,06-may-2021,1620259200.0
mycleanerpc.com,mycleanerpc.com,02-mar-2021,1614643200.0
mycleanpc.com,mycleanpc.com,13-nov-2021,1636761600.0
mydati.com,mydati.com,21-aug-2021,1629504000.0
myoffers.co.uk,myoffers.co.uk,24-nov-2022,1669248000.0
mysearch-engine.com,mysearch-engine.com,30-aug-2021,1630281600.0
mysearchweb.net,mysearchweb.net,11-aug-2021,1628640000.0
myshopmarketim.com,myshopmarketim.com,17-may-2024,1715904000.0
myshovel.com,myshovel.com,15-jun-2021,1623715200.0
mytotalsearch.com,mytotalsearch.com,15-oct-2021,1634256000.0
mywebsearch.com,mywebsearch.com,10-dec-2021,1639094400.0
nbrtrack.com,nbrtrack.com,19-jan-2021,1611014400.0
neki.org,neki.org,07-sep-2021,1630972800.0
nestscape.com,nestscape.com,06-nov-2021,1636156800.0
netcscape.com,netcscape.com,10-dec-2021,1639094400.0
netmag.co.uk,netmag.co.uk,14-apr-2021,1618358400.0
netscae.com,netscae.com,20-nov-2021,1637366400.0
neumashop.cl,neumashop.cl,24-may-2021,1621814400.0
newclick.com,newclick.com,30-nov-2021,1638230400.0
newcracks.net,newcracks.net,14-nov-2021,1636848000.0
neweed.org,neweed.org,08-dec-2024,1733616000.0
neyscape.com,neyscape.com,12-oct-2021,1633996800.0
nkgamers.com,nkgamers.com,06-sep-2021,1630886400.0
nmapquest.com,nmapquest.com,30-nov-2021,1638230400.0
notrecommended.co.uk,notrecommended.co.uk,12-feb-2022,1644624000.0
nryb.com,nryb.com,21-sep-2021,1632182400.0
nsrecord.org,nsrecord.org,02-nov-2021,1635811200.0
ntkrnlpa.info,ntkrnlpa.info,18-may-2021,1621296000.0
ocpersian.com,ocpersian.com,18-feb-2021,1613606400.0
ohiomm.com,ohiomm.com,06-oct-2021,1633478400.0
ojolink.fr,ojolink.fr,10-jun-2021,1623283200.0
oldgames.zp.ua,oldgames.zp.ua,08-nov-2021,1636329600.0
omnicleaningservices.com,omnicleaningservices.com,12-mar-2021,1615507200.0
onclickpredictiv.com,onclickpredictiv.com,27-apr-2021,1619481600.0
online.sh.cn,online.sh.cn,01-jul-2021,1625097600.0
onlineadmin.net,onlineadmin.net,07-oct-2021,1633564800.0
onlinedownloads.org,onlinedownloads.org,01-dec-2021,1638316800.0
oofun.com,oofun.com,23-nov-2021,1637625600.0
opendownloadmanager.com,opendownloadmanager.com,17-feb-2021,1613520000.0
opensoftwareupdate.com,opensoftwareupdate.com,21-feb-2021,1613865600.0
opensoftwareupdater.com,opensoftwareupdater.com,21-feb-2021,1613865600.0
optimization-methods.com,optimization-methods.com,27-may-2021,1622073600.0
orbiyz.com,orbiyz.com,25-jul-2022,1658707200.0
oreware.com,oreware.com,08-dec-2021,1638921600.0
oriceline.com,oriceline.com,17-apr-2021,1618617600.0
otherossettlement.com,otherossettlement.com,09-sep-2026,1788912000.0
paime.com,paime.com,25-jan-2021,1611532800.0
pamoran.net,pamoran.net,31-may-2021,1622419200.0
paraskov.com,paraskov.com,06-dec-2021,1638748800.0
pastie.org,pastie.org,08-dec-2021,1638921600.0
pay-per-search.com,pay-per-search.com,18-oct-2021,1634515200.0
paypal-exchange.com,paypal-exchange.com,27-feb-2021,1614384000.0
paypalcz.cz,paypalcz.cz,14-oct-2021,1634169600.0
payperclickadvertising.org.uk,payperclickadvertising.org.uk,16-jun-2021,1623801600.0
payusatax.com,payusatax.com,01-jul-2023,1688169600.0
pc-wallpapers.co.uk,pc-wallpapers.co.uk,19-dec-2022,1671408000.0
pccleaner.com,pccleaner.com,28-mar-2023,1679961600.0
pccleanerpro.com,pccleanerpro.com,26-oct-2021,1635206400.0
pcmatic.com,pcmatic.com,05-oct-2025,1759622400.0
pcmightymax.net,pcmightymax.net,05-mar-2021,1614902400.0
pcpitstop.com,pcpitstop.com,16-oct-2021,1634342400.0
pcsecurityshield.com,pcsecurityshield.com,04-dec-2021,1638576000.0
pdf-platinum.info,pdf-platinum.info,25-feb-2021,1614211200.0
peiceline.com,peiceline.com,17-apr-2021,1618617600.0
penwithian.co.uk,penwithian.co.uk,18-mar-2021,1616025600.0
petrafashion.com,petrafashion.com,28-oct-2021,1635379200.0
petrenko.biz,petrenko.biz,16-feb-2021,1613433600.0
petsmovies.com,petsmovies.com,22-aug-2021,1629590400.0
pfaltzgraf.com,pfaltzgraf.com,28-may-2021,1622160000.0
php4you.biz,php4you.biz,10-aug-2021,1628553600.0
pillsmoney.com,pillsmoney.com,05-apr-2021,1617580800.0
pkpojhc.com,pkpojhc.com,19-nov-2021,1637280000.0
plarium.com,plarium.com,04-apr-2021,1617494400.0
playerassist.com,playerassist.com,25-may-2021,1621900800.0
playersaid.com,playersaid.com,23-may-2021,1621728000.0
playgril.com,playgril.com,12-dec-2021,1639267200.0
playsataion.com,playsataion.com,31-may-2021,1622419200.0
playstatation.com,playstatation.com,01-oct-2021,1633046400.0
plumsoftware.co.uk,plumsoftware.co.uk,19-jan-2022,1642550400.0
pokemonporno.com,pokemonporno.com,06-dec-2021,1638748800.0
poker.cm,poker.cm,18-may-2021,1621296000.0
poppers-rush.ru,poppers-rush.ru,24-may-2021,1621814400.0
popunder.ru,popunder.ru,03-may-2021,1620000000.0
praceline.com,praceline.com,07-dec-2021,1638835200.0
predictivesearch.com,predictivesearch.com,12-dec-2021,1639267200.0
premiumpedia.com,premiumpedia.com,27-jul-2021,1627344000.0
priiceline.com,priiceline.com,17-apr-2021,1618617600.0
primosearch.com,primosearch.com,26-aug-2021,1629936000.0
privdog.com,privdog.com,26-mar-2021,1616716800.0
progettocrea.org,progettocrea.org,14-jan-2022,1642118400.0
prorodeosportmed.com,prorodeosportmed.com,17-may-2021,1621209600.0
prriceline.com,prriceline.com,17-apr-2021,1618617600.0
ps7894.com,ps7894.com,19-jul-2021,1626652800.0
pumpkin.co.uk,pumpkin.co.uk,29-aug-2021,1630195200.0
puroclean.com,puroclean.com,12-dec-2021,1639267200.0
px24.com,px24.com,19-apr-2021,1618790400.0
qikdownloads.com,qikdownloads.com,27-jun-2021,1624752000.0
quad-cleaner.com,quad-cleaner.com,06-mar-2021,1614988800.0
qualityindustrialcoatings.com,qualityindustrialcoatings.com,01-apr-2024,1711929600.0
quickcreditscore.co.uk,quickcreditscore.co.uk,07-jul-2021,1625616000.0
quinnwealth.com,quinnwealth.com,04-apr-2021,1617494400.0
ratemodels.net,ratemodels.net,02-may-2021,1619913600.0
rd-direct.com,rd-direct.com,10-nov-2021,1636502400.0
redhotchilli.co.uk,redhotchilli.co.uk,01-aug-2021,1627776000.0
redirectme.net,redirectme.net,10-aug-2021,1628553600.0
reducelnk.com,reducelnk.com,07-mar-2023,1678147200.0
regdefense.com,regdefense.com,25-aug-2021,1629849600.0
registry-clean-up.net,registry-clean-up.net,15-sep-2021,1631664000.0
registry-cleaner.net,registry-cleaner.net,03-jun-2021,1622678400.0
registry-cleaners-compared.com,registry-cleaners-compared.com,02-dec-2021,1638403200.0
registry-error-cleaner.com,registry-error-cleaner.com,08-aug-2021,1628380800.0
registrycleaner-reviews.net,registrycleaner-reviews.net,26-mar-2021,1616716800.0
registrycleanerforvista.com,registrycleanerforvista.com,18-jan-2021,1610928000.0
registrycleanerpro.net,registrycleanerpro.net,17-nov-2021,1637107200.0
registrycleanersreviewed.com,registrycleanersreviewed.com,16-oct-2021,1634342400.0
registrycleanertechnology.com,registrycleanertechnology.com,25-nov-2021,1637798400.0
registrycleanertop.com,registrycleanertop.com,24-feb-2021,1614124800.0
registrydefender.com,registrydefender.com,25-jan-2021,1611532800.0
registryfix.com,registryfix.com,02-may-2021,1619913600.0
registrysweeper.com,registrysweeper.com,28-sep-2021,1632787200.0
removearrest.com,removearrest.com,18-apr-2022,1650240000.0
rentfromart.com,rentfromart.com,15-nov-2022,1668470400.0
researchnow.co.uk,researchnow.co.uk,09-mar-2021,1615248000.0
restore-pc.com,restore-pc.com,22-apr-2021,1619049600.0
rewardsnow.co.uk,rewardsnow.co.uk,27-apr-2021,1619481600.0
rewardszoneusa.com,rewardszoneusa.com,18-may-2021,1621296000.0
ribcagebags.com,ribcagebags.com,31-mar-2021,1617148800.0
rickparty.com,rickparty.com,01-nov-2021,1635724800.0
ringtonematcher.com,ringtonematcher.com,06-apr-2021,1617667200.0
riskymail4free.com,riskymail4free.com,01-apr-2021,1617235200.0
rivasearchpage.com,rivasearchpage.com,28-aug-2021,1630108800.0
rngetek.com,rngetek.com,31-mar-2021,1617148800.0
root--servers.org,root--servers.org,20-feb-2021,1613779200.0
rowanmclean.com,rowanmclean.com,03-dec-2023,1701561600.0
rubanners.com,rubanners.com,04-jul-2021,1625356800.0
ruclicks.com,ruclicks.com,18-may-2021,1621296000.0
sacredphoenix.com,sacredphoenix.com,28-mar-2024,1711584000.0
sade-ecrivain.com,sade-ecrivain.com,08-may-2021,1620432000.0
safelinking.net,safelinking.net,18-mar-2021,1616025600.0
safemobilelink.com,safemobilelink.com,20-aug-2021,1629417600.0
safepccleaner.com,safepccleaner.com,10-dec-2021,1639094400.0
samaclub.com,samaclub.com,25-oct-2022,1666656000.0
samvaulter.com,samvaulter.com,07-dec-2021,1638835200.0
sankakustatic.com,sankakustatic.com,29-nov-2021,1638144000.0
sasdiskcleaner.com,sasdiskcleaner.com,08-may-2021,1620432000.0
sayherbal.com,sayherbal.com,19-oct-2021,1634601600.0
scanspyware.net,scanspyware.net,28-mar-2021,1616889600.0
search2007.info,search2007.info,30-jan-2021,1611964800.0
searchacross.com,searchacross.com,26-may-2021,1621987200.0
searchdiscovered.com,searchdiscovered.com,19-mar-2021,1616112000.0
searchfwding.com,searchfwding.com,13-may-2021,1620864000.0
searchignited.com,searchignited.com,26-may-2021,1621987200.0
searchinquire.com,searchinquire.com,25-aug-2021,1629849600.0
searchmachine.com,searchmachine.com,14-feb-2021,1613260800.0
searchmagna.com,searchmagna.com,04-jun-2021,1622764800.0
searchmagnified.com,searchmagnified.com,13-nov-2021,1636761600.0
searchnigeria.net,searchnigeria.net,28-nov-2021,1638057600.0
searchnut.com,searchnut.com,08-may-2021,1620432000.0
searchremagnified.com,searchremagnified.com,13-jul-2021,1626134400.0
searchresultsguide.com,searchresultsguide.com,24-jul-2021,1627084800.0
searchtoexplore.com,searchtoexplore.com,13-may-2021,1620864000.0
sebcotrk.com,sebcotrk.com,18-nov-2021,1637193600.0
secure-processingcenter.com,secure-processingcenter.com,23-jan-2021,1611360000.0
securemypc.co.uk,securemypc.co.uk,16-jan-2021,1610755200.0
securetracking2.com,securetracking2.com,05-aug-2021,1628121600.0
securetrk1.com,securetrk1.com,05-aug-2021,1628121600.0
seekinstantly.com,seekinstantly.com,25-aug-2021,1629849600.0
seethisinaction.com,seethisinaction.com,23-apr-2021,1619136000.0
selfsurveys.com,selfsurveys.com,27-feb-2022,1645920000.0
sellmeyourtraffic.com,sellmeyourtraffic.com,19-feb-2021,1613692800.0
sendfwd.com,sendfwd.com,02-aug-2021,1627862400.0
sendori.com,sendori.com,05-nov-2021,1636070400.0
sentrol.cl,sentrol.cl,28-jan-2021,1611792000.0
seoholding.com,seoholding.com,22-aug-2021,1629590400.0
seonetwizard.com,seonetwizard.com,30-mar-2021,1617062400.0
shareaza.com,shareaza.com,01-jun-2024,1717200000.0
shore-view.com,shore-view.com,01-jun-2023,1685577600.0
sijmp.com,sijmp.com,16-apr-2021,1618531200.0
sirius-expedition.com,sirius-expedition.com,23-oct-2021,1634947200.0
sj88.com,sj88.com,01-dec-2021,1638316800.0
skassets.com,skassets.com,02-feb-2022,1643760000.0
skypeclass.com,skypeclass.com,11-jun-2022,1654905600.0
skypefr.com,skypefr.com,29-jun-2021,1624924800.0
skyperec.com,skyperec.com,25-sep-2021,1632528000.0
smartgiveaway.com,smartgiveaway.com,23-sep-2021,1632355200.0
smithwick.net,smithwick.net,11-sep-2028,1852243200.0
sneakyboy.com,sneakyboy.com,12-jun-2021,1623456000.0
software-phile.com,software-phile.com,06-dec-2021,1638748800.0
softwareupdaterlp.com,softwareupdaterlp.com,02-sep-2021,1630540800.0
sompuserve.com,sompuserve.com,09-nov-2021,1636416000.0
spamnuker.com,spamnuker.com,06-feb-2021,1612569600.0
specilized.com,specilized.com,05-dec-2022,1670198400.0
speedcounts.com,speedcounts.com,21-oct-2021,1634774400.0
speedrep.com,speedrep.com,15-oct-2021,1634256000.0
spiderbait.com,spiderbait.com,26-apr-2021,1619395200.0
spotsniper.ru,spotsniper.ru,04-may-2021,1620086400.0
spyarsenal.com,spyarsenal.com,04-aug-2021,1628035200.0
spywarebegone.com,spywarebegone.com,06-may-2021,1620259200.0
spywarenuker.com,spywarenuker.com,29-aug-2021,1630195200.0
spywarespy.com,spywarespy.com,31-aug-2021,1630368000.0
srv2trking.com,srv2trking.com,27-jun-2022,1656288000.0
ss-01.com,ss-01.com,04-feb-2021,1612396800.0
stamplive.com,stamplive.com,01-dec-2021,1638316800.0
startnow.com,startnow.com,28-sep-2027,1822089600.0
stephens-laughlin.com,stephens-laughlin.com,10-dec-2021,1639094400.0
stop-sign.com,stop-sign.com,30-apr-2021,1619740800.0
stripteas.com,stripteas.com,04-aug-2021,1628035200.0
sttvisa.com,sttvisa.com,26-aug-2023,1693008000.0
svarkon.ru,svarkon.ru,24-may-2021,1621814400.0
swanksoft.com,swanksoft.com,10-jun-2021,1623283200.0
swingingcommunity.com,swingingcommunity.com,01-may-2021,1619827200.0
sylicomservicios.com,sylicomservicios.com,01-mar-2021,1614556800.0
ta.com.tw,ta.com.tw,20-sep-2021,1632096000.0
taffr.com,taffr.com,12-aug-2021,1628726400.0
tamprc.com,tamprc.com,12-aug-2021,1628726400.0
tapair.com,tapair.com,16-sep-2023,1694822400.0
tavelscape.com,tavelscape.com,09-jul-2021,1625788800.0
tcgtrkr.com,tcgtrkr.com,28-mar-2022,1648425600.0
techbargins.com,techbargins.com,07-aug-2023,1691366400.0
thebighits.com,thebighits.com,04-feb-2021,1612396800.0
thebugs.ws,thebugs.ws,04-mar-2021,1614816000.0
themexp.org,themexp.org,29-oct-2021,1635465600.0
theroamingjew.com,theroamingjew.com,18-apr-2021,1618704000.0
thesearchagency.net,thesearchagency.net,27-mar-2021,1616803200.0
thesearchster.com,thesearchster.com,08-sep-2021,1631059200.0
thesurfshield.com,thesurfshield.com,06-jun-2021,1622937600.0
thoroclean.com,thoroclean.com,20-oct-2021,1634688000.0
tldtgs.com,tldtgs.com,28-feb-2021,1614470400.0
tnctrx.com,tnctrx.com,09-jul-2021,1625788800.0
toonfamilies.net,toonfamilies.net,02-oct-2021,1633132800.0
top50.co.uk,top50.co.uk,14-sep-2021,1631577600.0
topqualitylink.com,topqualitylink.com,29-oct-2021,1635465600.0
toroadvertisingmedia.com,toroadvertisingmedia.com,18-mar-2021,1616025600.0
tossm.com,tossm.com,27-jan-2023,1674777600.0
totemcash.com,totemcash.com,24-jan-2021,1611446400.0
towerecords.com,towerecords.com,17-sep-2021,1631836800.0
trackertracker.com,trackertracker.com,01-dec-2021,1638316800.0
tracki112.com,tracki112.com,19-nov-2021,1637280000.0
tracklead.net,tracklead.net,12-feb-2021,1613088000.0
trackzapper.com,trackzapper.com,16-feb-2021,1613433600.0
traff1.com,traff1.com,24-oct-2021,1635033600.0
travekocity.com,travekocity.com,27-sep-2021,1632700800.0
travelasity.com,travelasity.com,20-oct-2021,1634688000.0
travelcape.com,travelcape.com,12-sep-2023,1694476800.0
traveliocity.com,traveliocity.com,24-may-2021,1621814400.0
travelocidy.com,travelocidy.com,12-jul-2022,1657584000.0
travelocite.com,travelocite.com,29-jul-2022,1659052800.0
travelocitu.com,travelocitu.com,29-jul-2022,1659052800.0
travelocityca.com,travelocityca.com,07-aug-2022,1659830400.0
travelocityt.com,travelocityt.com,12-jul-2022,1657584000.0
travelocoity.com,travelocoity.com,12-jul-2022,1657584000.0
travelogity.com,travelogity.com,28-oct-2021,1635379200.0
traveloicty.com,traveloicty.com,27-may-2021,1622073600.0
traveloocity.com,traveloocity.com,12-jul-2022,1657584000.0
traveloscity.com,traveloscity.com,05-mar-2021,1614902400.0
travelovity.com,travelovity.com,22-jun-2022,1655856000.0
traveolocity.com,traveolocity.com,12-jun-2022,1654992000.0
travlers.com,travlers.com,13-jul-2021,1626134400.0
treavelocity.com,treavelocity.com,26-oct-2021,1635206400.0
triplequadturbo.com,triplequadturbo.com,12-jul-2021,1626048000.0
trk4.com,trk4.com,14-jul-2021,1626220800.0
trkingace.com,trkingace.com,19-jul-2021,1626652800.0
trqvelocity.com,trqvelocity.com,28-sep-2021,1632787200.0
trusearch.net,trusearch.net,01-may-2021,1619827200.0
trustsoft.com,trustsoft.com,11-sep-2022,1662854400.0
trvelocity.com,trvelocity.com,01-apr-2021,1617235200.0
trx625.com,trx625.com,16-jan-2021,1610755200.0
twskype.com,twskype.com,07-aug-2021,1628294400.0
twttr.com,twttr.com,08-mar-2021,1615161600.0
tzw.com,tzw.com,17-oct-2022,1665964800.0
unblockfacebook.co.uk,unblockfacebook.co.uk,18-feb-2021,1613606400.0
unlimiclick.com,unlimiclick.com,18-jun-2021,1623974400.0
unrealcommander.com,unrealcommander.com,03-dec-2021,1638489600.0
unrealcommander.org,unrealcommander.org,03-dec-2021,1638489600.0
uprour.com,uprour.com,10-apr-2021,1618012800.0
uptodatecontent.net,uptodatecontent.net,18-dec-2021,1639785600.0
valuehost.co.uk,valuehost.co.uk,05-mar-2021,1614902400.0
vanguardair.com,vanguardair.com,13-apr-2021,1618272000.0
vasanthkumar.com,vasanthkumar.com,16-jun-2021,1623801600.0
vclicks.net,vclicks.net,22-aug-2021,1629590400.0
vdhu.com,vdhu.com,23-jan-2021,1611360000.0
venturead.com,venturead.com,27-apr-2021,1619481600.0
very-koi.com,very-koi.com,18-nov-2021,1637193600.0
video-pomp.com,video-pomp.com,28-jun-2021,1624838400.0
videosongplayer.com,videosongplayer.com,05-jun-2021,1622851200.0
villalecchi.com,villalecchi.com,01-feb-2021,1612137600.0
vk2ca.com,vk2ca.com,31-aug-2022,1661904000.0
vmay.com,vmay.com,08-jun-2021,1623110400.0
vpnaffiliates.com,vpnaffiliates.com,11-oct-2025,1760140800.0
vq918450.com,vq918450.com,11-aug-2021,1628640000.0
wannawatch.com,wannawatch.com,05-may-2021,1620172800.0
warco.pl,warco.pl,17-oct-2021,1634428800.0
warezaccess.com,warezaccess.com,26-jun-2021,1624665600.0
warezkeeper.com,warezkeeper.com,07-jul-2021,1625616000.0
warioland.com,warioland.com,12-oct-2021,1633996800.0
watch24.com,watch24.com,10-sep-2021,1631232000.0
wdmwebs.us,wdmwebs.us,18-oct-2021,1634515200.0
weathet.com,weathet.com,06-sep-2023,1693958400.0
web-feed.net,web-feed.net,17-jun-2021,1623888000.0
websitehome.co.uk,websitehome.co.uk,12-mar-2022,1647043200.0
westerntaneyfire.com,westerntaneyfire.com,10-feb-2021,1612915200.0
widestep.com,widestep.com,09-mar-2022,1646784000.0
win-spy.com,win-spy.com,02-aug-2021,1627862400.0
winadiscount.com,winadiscount.com,09-mar-2022,1646784000.0
winaproduct.com,winaproduct.com,28-may-2021,1622160000.0
winscholarship.com,winscholarship.com,29-mar-2021,1616976000.0
wkmg.co.kr,wkmg.co.kr,08-jun-2023,1686182400.0
wmmax.com,wmmax.com,18-dec-2021,1639785600.0
wmserver.net,wmserver.net,03-apr-2021,1617408000.0
wordseach.com,wordseach.com,28-nov-2021,1638057600.0
wpxn.com,wpxn.com,07-oct-2021,1633564800.0
writingassociates.com,writingassociates.com,06-dec-2021,1638748800.0
wwaol.com,wwaol.com,31-oct-2021,1635638400.0
wwfsable.com,wwfsable.com,25-apr-2021,1619308800.0
www4search.net,www4search.net,27-sep-2021,1632700800.0
wwwadultcheck.com,wwwadultcheck.com,29-apr-2021,1619654400.0
wwwal.com,wwwal.com,20-feb-2021,1613779200.0
wwwalaskaair.com,wwwalaskaair.com,09-mar-2021,1615248000.0
wwwaolmail.com,wwwaolmail.com,22-dec-2021,1640131200.0
wwwbigfoot.com,wwwbigfoot.com,19-jan-2021,1611014400.0
wwwbluelight.com,wwwbluelight.com,06-oct-2021,1633478400.0
wwwbluemountian.com,wwwbluemountian.com,13-may-2021,1620864000.0
wwwbudget.com,wwwbudget.com,24-feb-2021,1614124800.0
wwwcallwave.com,wwwcallwave.com,10-may-2021,1620604800.0
wwwcdnow.com,wwwcdnow.com,07-feb-2021,1612656000.0
wwwcheaptickets.com,wwwcheaptickets.com,05-apr-2022,1649116800.0
wwwcnnnews.com,wwwcnnnews.com,11-dec-2021,1639180800.0
wwwdollar.com,wwwdollar.com,29-oct-2021,1635465600.0
wwwgoogles.com,wwwgoogles.com,14-nov-2021,1636848000.0
wwwnwa.com,wwwnwa.com,17-aug-2021,1629158400.0
wwwplaysite.com,wwwplaysite.com,28-apr-2021,1619568000.0
wwwrealator.com,wwwrealator.com,11-aug-2024,1723334400.0
wwwservicemerchandise.com,wwwservicemerchandise.com,29-apr-2021,1619654400.0
wwwtwa.com,wwwtwa.com,05-nov-2021,1636070400.0
wwwwal-mart.com,wwwwal-mart.com,06-mar-2021,1614988800.0
x-diesel.com,x-diesel.com,03-dec-2021,1638489600.0
x-diesel.info,x-diesel.info,10-may-2021,1620604800.0
x-diesel.org,x-diesel.org,03-dec-2021,1638489600.0
x-park.net,x-park.net,27-mar-2021,1616803200.0
x-pronet.com,x-pronet.com,09-mar-2021,1615248000.0
xed.pl,xed.pl,31-jan-2021,1612051200.0
xtrafic.ro,xtrafic.ro,28-oct-2021,1635379200.0
yatrk.xyz,yatrk.xyz,14-aug-2021,1628899200.0
ymxpb.com,ymxpb.com,26-sep-2021,1632614400.0
youtuhe.com,youtuhe.com,07-jun-2021,1623024000.0
yrals.com,yrals.com,28-nov-2021,1638057600.0
ytdownloader.com,ytdownloader.com,11-jun-2021,1623369600.0
zapto.org,zapto.org,10-aug-2022,1660089600.0
zarrmarketing.co.uk,zarrmarketing.co.uk,28-jun-2021,1624838400.0
zbest.in,zbest.in,28-may-2021,1622160000.0
zeroredirect2.com,zeroredirect2.com,15-feb-2024,1707955200.0
zipitfast.com,zipitfast.com,02-feb-2021,1612224000.0
zoogdisany.com,zoogdisany.com,22-sep-2021,1632268800.0
zoogdiseny.com,zoogdiseny.com,01-apr-2021,1617235200.0
zoogdisny.com,zoogdisny.com,06-apr-2021,1617667200.0
zoomovies.org,zoomovies.org,22-aug-2021,1629590400.0
zoompegs.com,zoompegs.com,22-jul-2021,1626912000.0
zoophil.com,zoophil.com,02-dec-2021,1638403200.0
zootoplist.com,zootoplist.com,14-jul-2021,1626220800.0
zootravel.com,zootravel.com,13-may-2023,1683936000.0
101malls.com,101malls.com,17-apr-2021,1618617600.0
animal-drawings.com,animal-drawings.com,06-jan-2022,1641427200.0
bypasser.net,bypasser.net,11-mar-2021,1615420800.0
bureau.co.il,bureau.co.il,04-jun-2022,1654300800.0
angelsinuniform.com,angelsinuniform.com,14-jan-2022,1642118400.0
cdiabetes.com,cdiabetes.com,02-jan-2022,1641081600.0
cleansearch.net,cleansearch.net,22-dec-2021,1640131200.0
cleanup-your-computer.com,cleanup-your-computer.com,13-jan-2022,1642032000.0
cogivea.com,cogivea.com,28-dec-2021,1640649600.0
ctibank.com,ctibank.com,24-dec-2021,1640304000.0
cybermecca.com,cybermecca.com,12-jan-2022,1641945600.0
eftps.com,eftps.com,28-dec-2021,1640649600.0
gnuetella.com,gnuetella.com,24-dec-2021,1640304000.0
igame4free.com,igame4free.com,06-jan-2022,1641427200.0
katia-paliotti.com,katia-paliotti.com,02-jan-2022,1641081600.0
livewell.net,livewell.net,10-jan-2022,1641772800.0
martgage.com,martgage.com,02-jan-2022,1641081600.0
messagetag.com,messagetag.com,14-jan-2027,1799884800.0
mgjmp.com,mgjmp.com,06-jan-2022,1641427200.0
mm26.com,mm26.com,27-dec-2021,1640563200.0
onadstracker.com,onadstracker.com,04-apr-2021,1617494400.0
onwardclick.com,onwardclick.com,08-jan-2022,1641600000.0
onwey.com,onwey.com,29-dec-2021,1640736000.0
